sample_id,local_sample_index,normalized_intensity
89,0,0.0
89,1,7.4775912253244314e-06
89,2,1.8877153706853278e-05
89,3,3.25328583130613e-05
89,4,4.0442108002025634e-05
89,5,5.203211185289547e-05
89,6,8.023864211281762e-05
89,7,0.00010113819007528946
89,8,0.00010880132322199643
89,9,0.00010971097799483687
89,10,0.00012091526878066361
89,11,0.00013653417408932
89,12,0.00015729581355117261
89,13,0.00018505554180592299
89,14,0.00020457660139072686
89,15,0.0002034981152974069
89,16,0.00021129316883161664
89,17,0.0002391471789451316
89,18,0.0002472478663548827
89,19,0.00023415088071487844
89,20,0.00024747411953285336
89,21,0.00028393272077664733
89,22,0.00031305872835218906
89,23,0.00032373855356127024
89,24,0.00032478972570970654
89,25,0.00034040515311062336
89,26,0.0003641889779828489
89,27,0.0003664872201625258
89,28,0.0003587176906876266
89,29,0.0003697673964779824
89,30,0.00041879122727550566
89,31,0.0004556390340439975
89,32,0.0004501743824221194
89,33,0.00045106917968951166
89,34,0.00047335121780633926
89,35,0.0004765166959259659
89,36,0.0004960942314937711
89,37,0.0005069413455203176
89,38,0.0005358451162464917
89,39,0.0005834486219100654
89,40,0.0005802283994853497
89,41,0.0005601887824013829
89,42,0.0005834851763211191
89,43,0.000608436472248286
89,44,0.0005915426881983876
89,45,0.00059605942806229
89,46,0.0006707175052724779
89,47,0.0006752657936885953
89,48,0.000690864457283169
89,49,0.0006748322630301118
89,50,0.0006903632311150432
89,51,0.0007622650009579957
89,52,0.0008302348433062434
89,53,0.0008442463004030287
89,54,0.0008265958749689162
89,55,0.00082858104724437
89,56,0.000884897424839437
89,57,0.0009488611831329763
89,58,0.0009298902004957199
89,59,0.0008902070694603026
89,60,0.0009072633110918105
89,61,0.0009803111897781491
89,62,0.0010269954800605774
89,63,0.0010768542997539043
89,64,0.0010306028416380286
89,65,0.000998156494461
89,66,0.0010680367704480886
89,67,0.0011087561724707484
89,68,0.0010917437030002475
89,69,0.0011703753843903542
89,70,0.0011290833353996277
89,71,0.001076446962542832
89,72,0.001057904795743525
89,73,0.0011565883178263903
89,74,0.0011817935155704618
89,75,0.0011711962288245559
89,76,0.0012078253785148263
89,77,0.0013671625638380647
89,78,0.0014268278609961271
89,79,0.0014343642396852374
89,80,0.0013937288895249367
89,81,0.001314209890551865
89,82,0.0013874075375497341
89,83,0.0013956662733107805
89,84,0.0014707843074575067
89,85,0.0015653613954782486
89,86,0.001481037586927414
89,87,0.0014227123465389013
89,88,0.0015582001069560647
89,89,0.0017202936578541994
89,90,0.0016607580473646522
89,91,0.0015468677738681436
89,92,0.0015629437984898686
89,93,0.0015489932848140597
89,94,0.0015053037786856294
89,95,0.0016470482805743814
89,96,0.0017572419019415975
89,97,0.0017105129081755877
89,98,0.0018040245631709695
89,99,0.0018434716621413827
89,100,0.0018274062313139439
89,101,0.001824005739763379
89,102,0.0018429578049108386
89,103,0.0018484469037503004
89,104,0.0018523754552006721
89,105,0.0018904866883531213
89,106,0.001999104395508766
89,107,0.002115895040333271
89,108,0.0021752240136265755
89,109,0.0023944969289004803
89,110,0.002326799090951681
89,111,0.002204188145697117
89,112,0.0023605579044669867
89,113,0.002192107494920492
89,114,0.00226345076225698
89,115,0.0023887574207037687
89,116,0.002388063818216324
89,117,0.0024064143653959036
89,118,0.002473945962265134
89,119,0.0025719618424773216
89,120,0.0024896154645830393
89,121,0.002426521386951208
89,122,0.0024593882262706757
89,123,0.002469720086082816
89,124,0.0024423222057521343
89,125,0.002558325883001089
89,126,0.0025721800047904253
89,127,0.002812455641105771
89,128,0.0028945605736225843
89,129,0.002848269185051322
89,130,0.0030928151682019234
89,131,0.003235706128180027
89,132,0.003087967401370406
89,133,0.0029519125819206238
89,134,0.0029473432805389166
89,135,0.003034947905689478
89,136,0.0032009242568165064
89,137,0.0033282958902418613
89,138,0.003330932930111885
89,139,0.0037130750715732574
89,140,0.0036102451849728823
89,141,0.003484318731352687
89,142,0.003790781367570162
89,143,0.0039079575799405575
89,144,0.00369580602273345
89,145,0.003511480987071991
89,146,0.0035312010440975428
89,147,0.0035759133752435446
89,148,0.0035087186843156815
89,149,0.0036509789060801268
89,150,0.003865336300805211
89,151,0.004102345090359449
89,152,0.004066184163093567
89,153,0.003913927357643843
89,154,0.003877050941810012
89,155,0.004003158304840326
89,156,0.004066777881234884
89,157,0.00427321158349514
89,158,0.004338568076491356
89,159,0.004428254906088114
89,160,0.00450823875144124
89,161,0.00455344095826149
89,162,0.004557773936539888
89,163,0.004463063087314367
89,164,0.004684775602072477
89,165,0.005117430351674557
89,166,0.005271083675324917
89,167,0.004941594786942005
89,168,0.004815277177840471
89,169,0.005158970132470131
89,170,0.005646395962685347
89,171,0.006158605683594942
89,172,0.006753028370440006
89,173,0.007154385559260845
89,174,0.007193198427557945
89,175,0.007370153907686472
89,176,0.008028808049857616
89,177,0.008675871416926384
89,178,0.009376337751746178
89,179,0.010359750129282475
89,180,0.01150816772133112
89,181,0.012555055320262909
89,182,0.013563142158091068
89,183,0.014745126478374004
89,184,0.016494164243340492
89,185,0.018775278702378273
89,186,0.02132887952029705
89,187,0.023962445557117462
89,188,0.026668960228562355
89,189,0.02955050580203533
89,190,0.032758940011262894
89,191,0.03657051548361778
89,192,0.041161149740219116
89,193,0.04632626101374626
89,194,0.05171539634466171
89,195,0.057642169296741486
89,196,0.06460239738225937
89,197,0.07199379056692123
89,198,0.0799233540892601
89,199,0.08941507339477539
89,200,0.10014595091342926
89,201,0.110275037586689
89,202,0.12094665318727493
89,203,0.13355480134487152
89,204,0.14765416085720062
89,205,0.16262388229370117
89,206,0.17847022414207458
89,207,0.1949145495891571
89,208,0.21183690428733826
89,209,0.22978432476520538
89,210,0.24904316663742065
89,211,0.2693391442298889
89,212,0.29098793864250183
89,213,0.3135267198085785
89,214,0.33658695220947266
89,215,0.3610382378101349
89,216,0.38742613792419434
89,217,0.41319769620895386
89,218,0.4393012523651123
89,219,0.46588075160980225
89,220,0.493762344121933
89,221,0.5216196179389954
89,222,0.5503416657447815
89,223,0.5798228979110718
89,224,0.6083530187606812
89,225,0.6375228762626648
89,226,0.6666090488433838
89,227,0.6941770315170288
89,228,0.7193482518196106
89,229,0.7432711720466614
89,230,0.7684242725372314
89,231,0.7963700294494629
89,232,0.8209306001663208
89,233,0.8408409953117371
89,234,0.8591838479042053
89,235,0.876072347164154
89,236,0.8998214602470398
89,237,0.913429856300354
89,238,0.9234036207199097
89,239,0.9404245615005493
89,240,0.9508525729179382
89,241,0.9566320180892944
89,242,0.9671143889427185
89,243,0.9704570770263672
89,244,0.9732055068016052
89,245,0.9916718602180481
89,246,0.9837822318077087
89,247,0.9789319038391113
89,248,1.0
89,249,0.9756161570549011
89,250,0.977995753288269
89,251,0.9859663844108582
89,252,0.9648364186286926
89,253,0.9661630988121033
89,254,0.9592796564102173
89,255,0.9517790675163269
89,256,0.9380743503570557
89,257,0.9138705730438232
89,258,0.9351254105567932
89,259,0.9037284255027771
89,260,0.8439789414405823
89,261,0.8944141864776611
89,262,0.8752683997154236
89,263,0.7839761972427368
89,264,0.8157117962837219
89,265,0.8417493104934692
89,266,0.7514317035675049
89,267,0.7159748673439026
89,268,0.7590557336807251
89,269,0.7311437129974365
89,270,0.6584799885749817
89,271,0.648310661315918
89,272,0.6569891571998596
89,273,0.6258601546287537
89,274,0.589299738407135
89,275,0.5670883655548096
89,276,0.5413170456886292
89,277,0.5129249691963196
89,278,0.5112292766571045
89,279,0.5010439157485962
89,280,0.44694948196411133
89,281,0.4000600576400757
89,282,0.40777528285980225
89,283,0.4306757152080536
89,284,0.40047094225883484
89,285,0.3312624990940094
89,286,0.28998568654060364
89,287,0.30399090051651
89,288,0.3313291072845459
89,289,0.3171079754829407
89,290,0.2660762369632721
89,291,0.22280588746070862
89,292,0.21000193059444427
89,293,0.21512119472026825
89,294,0.2182294726371765
89,295,0.2095082551240921
89,296,0.19014118611812592
89,297,0.16872431337833405
89,298,0.15071432292461395
89,299,0.1397152990102768
89,300,0.1348770707845688
89,301,0.1286618560552597
89,302,0.11765320599079132
89,303,0.1064482033252716
89,304,0.0990423709154129
89,305,0.09487255662679672
89,306,0.09263552725315094
89,307,0.09063874930143356
89,308,0.08630646765232086
89,309,0.07970112562179565
89,310,0.07309707999229431
89,311,0.06725309044122696
89,312,0.061387162655591965
89,313,0.05584409460425377
89,314,0.050881825387477875
89,315,0.04654035344719887
89,316,0.04296502843499184
89,317,0.040084708482027054
89,318,0.037573400884866714
89,319,0.03510487824678421
89,320,0.03286157175898552
89,321,0.031150849536061287
89,322,0.029782846570014954
89,323,0.028387462720274925
89,324,0.026868948712944984
89,325,0.025537922978401184
89,326,0.02490324154496193
89,327,0.02472258359193802
89,328,0.02381940372288227
89,329,0.022049227729439735
89,330,0.0205756276845932
89,331,0.019402911886572838
89,332,0.01795012317597866
89,333,0.01673642173409462
89,334,0.015853339806199074
89,335,0.015271802432835102
89,336,0.014919009059667587
89,337,0.015051711350679398
89,338,0.015239803120493889
89,339,0.014939218759536743
89,340,0.014298022724688053
89,341,0.013721002265810966
89,342,0.013244377449154854
89,343,0.012727978639304638
89,344,0.012501941993832588
89,345,0.012653468176722527
89,346,0.012651961296796799
89,347,0.012365562841296196
89,348,0.011967486701905727
89,349,0.011604349128901958
89,350,0.0114652831107378
89,351,0.011573546566069126
89,352,0.01153313647955656
89,353,0.011291967704892159
89,354,0.011128759942948818
89,355,0.01123202033340931
89,356,0.011216058395802975
89,357,0.010946384631097317
89,358,0.010742416605353355
89,359,0.01059265248477459
89,360,0.010370048694312572
89,361,0.010309537872672081
89,362,0.010340067557990551
89,363,0.010450909845530987
89,364,0.010506720282137394
89,365,0.010352160781621933
89,366,0.010216138325631618
89,367,0.010119372978806496
89,368,0.010218811221420765
89,369,0.010441353544592857
89,370,0.01008744165301323
89,371,0.010018335655331612
89,372,0.010033591650426388
89,373,0.00982067734003067
89,374,0.009535502642393112
89,375,0.00949647556990385
89,376,0.009583787061274052
89,377,0.009652442298829556
89,378,0.009661896154284477
89,379,0.009553932584822178
89,380,0.009363101795315742
89,381,0.009245645254850388
89,382,0.009212017990648746
89,383,0.009270717389881611
89,384,0.00925843883305788
89,385,0.009150035679340363
89,386,0.009095195680856705
89,387,0.009175620973110199
89,388,0.009087360464036465
89,389,0.008989374153316021
89,390,0.008898674510419369
89,391,0.008735188283026218
89,392,0.008620373904705048
89,393,0.008730053901672363
89,394,0.008722598664462566
89,395,0.008651141077280045
89,396,0.00861289817839861
89,397,0.008487962186336517
89,398,0.008363471366465092
89,399,0.008296051062643528
89,400,0.008336899802088737
89,401,0.008172479458153248
89,402,0.008177777752280235
89,403,0.008165215142071247
89,404,0.008025790564715862
89,405,0.00797253753989935
89,406,0.008177312090992928
89,407,0.008349739946424961
89,408,0.00811105128377676
89,409,0.007887878455221653
89,410,0.0077965641394257545
89,411,0.007825527340173721
89,412,0.007765910588204861
89,413,0.007698957342654467
89,414,0.0076109725050628185
89,415,0.007503334898501635
89,416,0.007468364201486111
89,417,0.007542413659393787
89,418,0.007568910252302885
89,419,0.007479536812752485
89,420,0.007445007096976042
89,421,0.0074179633520543575
89,422,0.007305012550204992
89,423,0.007185148540884256
89,424,0.007171899080276489
89,425,0.0071567059494555
89,426,0.0070879640989005566
89,427,0.007057115435600281
89,428,0.007075415924191475
89,429,0.007090773433446884
89,430,0.007039451971650124
89,431,0.006970290560275316
89,432,0.006968141533434391
89,433,0.00700135575607419
89,434,0.006941087078303099
89,435,0.006840674672275782
89,436,0.006747208070009947
89,437,0.006763709709048271
89,438,0.006721952464431524
89,439,0.006743679288774729
89,440,0.006731637287884951
89,441,0.006598261184990406
89,442,0.006536251399666071
89,443,0.0065103741362690926
89,444,0.006500342860817909
89,445,0.0065033636055886745
89,446,0.006518771406263113
89,447,0.006512470543384552
89,448,0.006435460411012173
89,449,0.006386950612068176
89,450,0.00635644793510437
89,451,0.006301449611783028
89,452,0.006268040742725134
89,453,0.006232850719243288
89,454,0.006214732304215431
89,455,0.006185418460518122
89,456,0.006185633596032858
89,457,0.006218527443706989
89,458,0.006248420104384422
89,459,0.0062418850138783455
89,460,0.006190421525388956
89,461,0.006123874336481094
89,462,0.006115000694990158
89,463,0.006150904577225447
89,464,0.006129814311861992
89,465,0.006060086190700531
89,466,0.006014750339090824
89,467,0.005982400383800268
89,468,0.005971160251647234
89,469,0.005972293671220541
89,470,0.005967200733721256
89,471,0.005963420029729605
89,472,0.0059728072956204414
89,473,0.005964626092463732
89,474,0.005943190772086382
89,475,0.005923186894506216
89,476,0.005906547885388136
89,477,0.005875394679605961
89,478,0.005882603116333485
89,479,0.005862962920218706
89,480,0.005845239851623774
89,481,0.00584690785035491
89,482,0.005841158330440521
89,483,0.005834754090756178
89,484,0.005826939828693867
89,485,0.005818660836666822
89,486,0.005805137101560831
89,487,0.005799006670713425
89,488,0.005799306556582451
89,489,0.005783167202025652
89,490,0.00577606912702322
89,491,0.00576626555994153
89,492,0.005761353299021721
89,493,0.005762241315096617
89,494,0.005764419212937355
89,495,0.0057576438412070274
89,496,0.005748124793171883
89,497,0.005747605115175247
89,498,0.005751118063926697
89,499,0.005751165095716715
89,500,0.005753515288233757
89,501,0.005758150015026331
89,502,0.005755685735493898
89,503,0.005749526899307966
89,504,0.005743599031120539
89,505,0.005743005312979221
89,506,0.005741864442825317
89,507,0.005744052119553089
89,508,0.005745298229157925
89,509,0.005745290778577328
89,510,0.0057464237324893475
89,511,0.005748264491558075
31,0,0.0
31,1,5.269391749607166e-06
31,2,2.283651519974228e-05
31,3,4.0281302062794566e-05
31,4,3.828394619631581e-05
31,5,6.873499660287052e-05
31,6,9.05435808817856e-05
31,7,7.903022924438119e-05
31,8,0.00010646799637470394
31,9,0.00013095595932099968
31,10,0.0001385558134643361
31,11,0.00013934682647231966
31,12,0.00014803018711972982
31,13,0.0001647866447456181
31,14,0.00017818606283981353
31,15,0.00018763815751299262
31,16,0.00019307131879031658
31,17,0.0002403656399110332
31,18,0.0002399279037490487
31,19,0.00024781591491773725
31,20,0.00025932310381904244
31,21,0.00026458638603799045
31,22,0.00028311717323958874
31,23,0.00029898848151788116
31,24,0.0002986605104524642
31,25,0.0003089167003054172
31,26,0.00033141140011139214
31,27,0.0003578000469133258
31,28,0.0003830661589745432
31,29,0.0003968076780438423
31,30,0.00038516527274623513
31,31,0.0004078711208421737
31,32,0.00040148626430891454
31,33,0.000475941167678684
31,34,0.0004705354804173112
31,35,0.0005185622721910477
31,36,0.0005024255369789898
31,37,0.0005145083414390683
31,38,0.0005340402713045478
31,39,0.0005457892548292875
31,40,0.0005700396141037345
31,41,0.0005750727141276002
31,42,0.0005754369776695967
31,43,0.0006220516515895724
31,44,0.0005894444766454399
31,45,0.0006380171398632228
31,46,0.0006300341919995844
31,47,0.0006569261313416064
31,48,0.0007156019564718008
31,49,0.0006963012274354696
31,50,0.0007498488412238657
31,51,0.0008148927590809762
31,52,0.0008341507636941969
31,53,0.0008493885979987681
31,54,0.000858043844345957
31,55,0.0008261467446573079
31,56,0.0008670887909829617
31,57,0.0009111588005907834
31,58,0.0008316993480548263
31,59,0.0008715135627426207
31,60,0.0008705510990694165
31,61,0.0008923534769564867
31,62,0.0009187471587210894
31,63,0.0009703611140139401
31,64,0.0010178160155192018
31,65,0.0010338234715163708
31,66,0.0010180327808484435
31,67,0.0010539016220718622
31,68,0.001126553863286972
31,69,0.0011294366559013724
31,70,0.001238505239598453
31,71,0.0011538169346749783
31,72,0.0011493867496028543
31,73,0.0012619358021765947
31,74,0.0012394192162901163
31,75,0.001178238308057189
31,76,0.001256447401829064
31,77,0.0013286721659824252
31,78,0.0013353957328945398
31,79,0.0013794774422422051
31,80,0.0013477535685524344
31,81,0.0013083001831546426
31,82,0.0015449997736141086
31,83,0.001613680156879127
31,84,0.0013384072808548808
31,85,0.0015564081259071827
31,86,0.0014277020236477256
31,87,0.0016094670863822103
31,88,0.0014411479933187366
31,89,0.0016447100788354874
31,90,0.0016566363628953695
31,91,0.0016087171388790011
31,92,0.001746282447129488
31,93,0.0019614649936556816
31,94,0.0019699442200362682
31,95,0.0017690944951027632
31,96,0.0016881685005500913
31,97,0.001810454879887402
31,98,0.0018042034935206175
31,99,0.0018695936305448413
31,100,0.0020694457925856113
31,101,0.002015950158238411
31,102,0.0020396471954882145
31,103,0.002031158423051238
31,104,0.0019652298651635647
31,105,0.0019851417746394873
31,106,0.0020774442236870527
31,107,0.002091953530907631
31,108,0.001961911329999566
31,109,0.0020567786414176226
31,110,0.002253553830087185
31,111,0.002152396831661463
31,112,0.002416385803371668
31,113,0.0023843571543693542
31,114,0.0023298331070691347
31,115,0.0022938561160117388
31,116,0.0023122576531022787
31,117,0.0025456619914621115
31,118,0.0026440222281962633
31,119,0.002616464626044035
31,120,0.002582199638709426
31,121,0.0025261761620640755
31,122,0.002501437207683921
31,123,0.002632501069456339
31,124,0.002801292110234499
31,125,0.0027366396971046925
31,126,0.0029098985251039267
31,127,0.003034292720258236
31,128,0.0028158328495919704
31,129,0.002871099393814802
31,130,0.0029442859813570976
31,131,0.0031098404433578253
31,132,0.0030950361397117376
31,133,0.0030700534116476774
31,134,0.003195469733327627
31,135,0.0032016970217227936
31,136,0.0033923930022865534
31,137,0.003438986837863922
31,138,0.003697065869346261
31,139,0.0036905708257108927
31,140,0.0038409866392612457
31,141,0.004141418728977442
31,142,0.0038576372899115086
31,143,0.0035730060189962387
31,144,0.0036505251191556454
31,145,0.0036479721311479807
31,146,0.00373576651327312
31,147,0.0037895124405622482
31,148,0.0038395975716412067
31,149,0.0037930593825876713
31,150,0.00374291418120265
31,151,0.0038599648978561163
31,152,0.003982876427471638
31,153,0.003843987360596657
31,154,0.004298971500247717
31,155,0.004554788116365671
31,156,0.004372545052319765
31,157,0.004216414876282215
31,158,0.004243763629347086
31,159,0.004457846283912659
31,160,0.004500257316976786
31,161,0.004596142563968897
31,162,0.005040769465267658
31,163,0.005171950440853834
31,164,0.004905216861516237
31,165,0.004800282884389162
31,166,0.004908495582640171
31,167,0.004946221597492695
31,168,0.00559115968644619
31,169,0.005922465119510889
31,170,0.00602624611929059
31,171,0.005952037405222654
31,172,0.005975254811346531
31,173,0.006774738430976868
31,174,0.007758133113384247
31,175,0.007928652688860893
31,176,0.007562082726508379
31,177,0.008207783102989197
31,178,0.009797528386116028
31,179,0.010925021022558212
31,180,0.011973571963608265
31,181,0.013046057894825935
31,182,0.014256804250180721
31,183,0.016006259247660637
31,184,0.0177717674523592
31,185,0.019370950758457184
31,186,0.02136094681918621
31,187,0.0238511860370636
31,188,0.026757698506116867
31,189,0.030221741646528244
31,190,0.03356382995843887
31,191,0.0372798778116703
31,192,0.04188447445631027
31,193,0.04681152477860451
31,194,0.05168773978948593
31,195,0.057451408356428146
31,196,0.06443826854228973
31,197,0.07171977311372757
31,198,0.07911042124032974
31,199,0.08746212720870972
31,200,0.0974981039762497
31,201,0.1076977327466011
31,202,0.11787168681621552
31,203,0.12924565374851227
31,204,0.1424775868654251
31,205,0.15628302097320557
31,206,0.17082785069942474
31,207,0.1869617998600006
31,208,0.20370355248451233
31,209,0.22096267342567444
31,210,0.2393452674150467
31,211,0.25863420963287354
31,212,0.27868029475212097
31,213,0.2996596097946167
31,214,0.32171323895454407
31,215,0.34496861696243286
31,216,0.36973896622657776
31,217,0.3942674398422241
31,218,0.4196152091026306
31,219,0.4463016390800476
31,220,0.47258293628692627
31,221,0.4990096688270569
31,222,0.5253229141235352
31,223,0.5536321997642517
31,224,0.5826360583305359
31,225,0.6095570921897888
31,226,0.638002336025238
31,227,0.6659860610961914
31,228,0.6917257905006409
31,229,0.7163981795310974
31,230,0.7400385737419128
31,231,0.764897346496582
31,232,0.7945839166641235
31,233,0.8153389692306519
31,234,0.8345082998275757
31,235,0.8548702597618103
31,236,0.8728229403495789
31,237,0.8958661556243896
31,238,0.9062899947166443
31,239,0.916903555393219
31,240,0.9371192455291748
31,241,0.9453119039535522
31,242,0.9491211771965027
31,243,0.9655681848526001
31,244,0.9675318598747253
31,245,0.9696007966995239
31,246,0.9944652915000916
31,247,0.9769180417060852
31,248,0.9792393445968628
31,249,1.0
31,250,0.9791679382324219
31,251,0.9768640398979187
31,252,0.985546350479126
31,253,0.9794734716415405
31,254,0.9547613263130188
31,255,0.9673981666564941
31,256,0.9736686944961548
31,257,0.9060589075088501
31,258,0.933422327041626
31,259,0.9678328633308411
31,260,0.8535662889480591
31,261,0.8702573180198669
31,262,0.9329844117164612
31,263,0.8262845277786255
31,264,0.8025275468826294
31,265,0.8527393341064453
31,266,0.7998427152633667
31,267,0.7582200765609741
31,268,0.7560088634490967
31,269,0.7251492142677307
31,270,0.7181699275970459
31,271,0.7090566158294678
31,272,0.6303614974021912
31,273,0.60493403673172
31,274,0.660955548286438
31,275,0.6258765459060669
31,276,0.5156151056289673
31,277,0.49767282605171204
31,278,0.5588904023170471
31,279,0.5434336066246033
31,280,0.44292983412742615
31,281,0.3956061601638794
31,282,0.42781341075897217
31,283,0.4451753795146942
31,284,0.3998997211456299
31,285,0.33920636773109436
31,286,0.31749227643013
31,287,0.32116615772247314
31,288,0.3162292540073395
31,289,0.2960728108882904
31,290,0.27138862013816833
31,291,0.25220561027526855
31,292,0.2389039248228073
31,293,0.22197747230529785
31,294,0.19881631433963776
31,295,0.1839851289987564
31,296,0.18231727182865143
31,297,0.18111452460289001
31,298,0.17182421684265137
31,299,0.15607671439647675
31,300,0.1370638906955719
31,301,0.11903757601976395
31,302,0.10607443749904633
31,303,0.09897211939096451
31,304,0.09541835635900497
31,305,0.09357301145792007
31,306,0.09253861010074615
31,307,0.09175655245780945
31,308,0.08940104395151138
31,309,0.08342369645833969
31,310,0.07461393624544144
31,311,0.06625530868768692
31,312,0.059751320630311966
31,313,0.05449426919221878
31,314,0.04974568635225296
31,315,0.045861680060625076
31,316,0.04252329468727112
31,317,0.039126619696617126
31,318,0.036368291825056076
31,319,0.03421999141573906
31,320,0.03218689560890198
31,321,0.030406726524233818
31,322,0.029059000313282013
31,323,0.02789967693388462
31,324,0.026729902252554893
31,325,0.025642020627856255
31,326,0.025235170498490334
31,327,0.025044817477464676
31,328,0.023774798959493637
31,329,0.021929558366537094
31,330,0.02077714167535305
31,331,0.019979141652584076
31,332,0.01878099888563156
31,333,0.017361504957079887
31,334,0.016280870884656906
31,335,0.015446828678250313
31,336,0.014963241294026375
31,337,0.015047771856188774
31,338,0.015474550426006317
31,339,0.01578446663916111
31,340,0.015097551979124546
31,341,0.013824252411723137
31,342,0.013515098951756954
31,343,0.013358000665903091
31,344,0.01299996953457594
31,345,0.012549513019621372
31,346,0.012515967711806297
31,347,0.012417333200573921
31,348,0.012379689142107964
31,349,0.012266120873391628
31,350,0.01213155873119831
31,351,0.012096771970391273
31,352,0.011866645887494087
31,353,0.011426878161728382
31,354,0.011345871724188328
31,355,0.01111722830682993
31,356,0.011015825904905796
31,357,0.010998920537531376
31,358,0.010937347076833248
31,359,0.011191081255674362
31,360,0.011194896884262562
31,361,0.010751621797680855
31,362,0.010647064074873924
31,363,0.010837508365511894
31,364,0.010890038684010506
31,365,0.010755369439721107
31,366,0.01061401516199112
31,367,0.010459802113473415
31,368,0.01018728967756033
31,369,0.010449593886733055
31,370,0.010194502770900726
31,371,0.010547085665166378
31,372,0.010182230733335018
31,373,0.010260822251439095
31,374,0.010103821754455566
31,375,0.010030007921159267
31,376,0.009925044141709805
31,377,0.009877678006887436
31,378,0.009746436029672623
31,379,0.009723525494337082
31,380,0.009793689474463463
31,381,0.009661593474447727
31,382,0.009536666795611382
31,383,0.009693690575659275
31,384,0.009527980349957943
31,385,0.009466687217354774
31,386,0.009251103736460209
31,387,0.009184096939861774
31,388,0.009182872250676155
31,389,0.009141274727880955
31,390,0.009134575724601746
31,391,0.009268946014344692
31,392,0.009200400672852993
31,393,0.008898192085325718
31,394,0.008812226355075836
31,395,0.008798548020422459
31,396,0.00870166253298521
31,397,0.008634828962385654
31,398,0.008813788183033466
31,399,0.008813830092549324
31,400,0.008821666240692139
31,401,0.008716815151274204
31,402,0.008576620370149612
31,403,0.008430404588580132
31,404,0.008390321396291256
31,405,0.008469460532069206
31,406,0.00831950455904007
31,407,0.008169236592948437
31,408,0.008259747177362442
31,409,0.008239380083978176
31,410,0.008140007965266705
31,411,0.008126667700707912
31,412,0.008151938207447529
31,413,0.008204467594623566
31,414,0.008119871839880943
31,415,0.007857132703065872
31,416,0.007767613045871258
31,417,0.00783282145857811
31,418,0.007787809241563082
31,419,0.007634518668055534
31,420,0.00755798676982522
31,421,0.007522749248892069
31,422,0.007462808396667242
31,423,0.007632610388100147
31,424,0.007641613483428955
31,425,0.0075841909274458885
31,426,0.007495802827179432
31,427,0.007361503783613443
31,428,0.007295730523765087
31,429,0.007303830236196518
31,430,0.0072828312404453754
31,431,0.007241773419082165
31,432,0.007196356542408466
31,433,0.007128640078008175
31,434,0.007225912995636463
31,435,0.007208011578768492
31,436,0.006974237039685249
31,437,0.007124369964003563
31,438,0.006953124422580004
31,439,0.006846197415143251
31,440,0.0068773203529417515
31,441,0.006901156157255173
31,442,0.006840139161795378
31,443,0.0067534917034208775
31,444,0.00676324125379324
31,445,0.006812615320086479
31,446,0.006797976791858673
31,447,0.006690261885523796
31,448,0.006622864864766598
31,449,0.006734099239110947
31,450,0.006704260595142841
31,451,0.006638495717197657
31,452,0.006552903447300196
31,453,0.006502085831016302
31,454,0.0064760479144752026
31,455,0.006450081709772348
31,456,0.006426932755857706
31,457,0.006408712361007929
31,458,0.006402567494660616
31,459,0.006400104146450758
31,460,0.0063748471438884735
31,461,0.00635000504553318
31,462,0.006306416820734739
31,463,0.006358393467962742
31,464,0.0063484893180429935
31,465,0.006321294698864222
31,466,0.006333502475172281
31,467,0.0063523766584694386
31,468,0.006301583722233772
31,469,0.00622637988999486
31,470,0.0061969272792339325
31,471,0.0061700548976659775
31,472,0.0061438241973519325
31,473,0.006173006724566221
31,474,0.0061586275696754456
31,475,0.006109708454459906
31,476,0.006145488936454058
31,477,0.006097112316638231
31,478,0.006104480475187302
31,479,0.006068334449082613
31,480,0.006085037253797054
31,481,0.006079979706555605
31,482,0.00606297655031085
31,483,0.006044822279363871
31,484,0.006034730467945337
31,485,0.006033466663211584
31,486,0.00602805707603693
31,487,0.006010239012539387
31,488,0.0060148644261062145
31,489,0.0060030496679246426
31,490,0.0059950449503958225
31,491,0.006012434605509043
31,492,0.006018546875566244
31,493,0.006004650611430407
31,494,0.005988438613712788
31,495,0.005978356581181288
31,496,0.005974086932837963
31,497,0.0059714228846132755
31,498,0.005965605843812227
31,499,0.0059621925465762615
31,500,0.005965681280940771
31,501,0.005963968113064766
31,502,0.005967677105218172
31,503,0.005959471687674522
31,504,0.005966673605144024
31,505,0.005960083566606045
31,506,0.005965769290924072
31,507,0.005966537166386843
31,508,0.005964414216578007
31,509,0.005964669398963451
31,510,0.005968290381133556
31,511,0.00597244082018733
65,0,0.0
65,1,1.2604948096850421e-05
65,2,2.5111499780905433e-05
65,3,3.681592716020532e-05
65,4,4.872691715718247e-05
65,5,6.0406498960219324e-05
65,6,7.197081140475348e-05
65,7,8.541122952010483e-05
65,8,9.932081593433395e-05
65,9,0.00011404229007894173
65,10,0.00012696589692495763
65,11,0.00013717894034925848
65,12,0.00014556225505657494
65,13,0.0001575659407535568
65,14,0.0001730234216665849
65,15,0.00018831336637958884
65,16,0.0002037828671745956
65,17,0.00021545156778302044
65,18,0.00022914032160770148
65,19,0.00025301368441432714
65,20,0.00026482436805963516
65,21,0.00026878766948357224
65,22,0.00027962966123595834
65,23,0.00029325878131203353
65,24,0.00030398808303289115
65,25,0.00031629978911951184
65,26,0.0003317907976452261
65,27,0.00035495770862326026
65,28,0.0003729582531377673
65,29,0.00037702289409935474
65,30,0.0003844564489554614
65,31,0.00039816409116610885
65,32,0.00040916670695878565
65,33,0.0004296072875149548
65,34,0.00045661479816772044
65,35,0.0004906550166197121
65,36,0.0004840912588406354
65,37,0.0004967148415744305
65,38,0.0005518422112800181
65,39,0.0005670665414072573
65,40,0.0005613554385490716
65,41,0.0005785417160950601
65,42,0.0005747286486439407
65,43,0.0006067307549528778
65,44,0.000618286372628063
65,45,0.0006170564447529614
65,46,0.0006361737614497542
65,47,0.0006695681368000805
65,48,0.0007100881193764508
65,49,0.0007223803550004959
65,50,0.0007251096540130675
65,51,0.0007190046017058194
65,52,0.0007369274389930069
65,53,0.0007710099453106523
65,54,0.0007969552534632385
65,55,0.0008202757453545928
65,56,0.0008178878342732787
65,57,0.000842803274281323
65,58,0.0008636710699647665
65,59,0.0008655873243696988
65,60,0.0008882699767127633
65,61,0.0009276480996049941
65,62,0.0009556814911775291
65,63,0.0009912444511428475
65,64,0.0010133299510926008
65,65,0.0010092391166836023
65,66,0.0010385072091594338
65,67,0.0010709712514653802
65,68,0.0011357520706951618
65,69,0.0011428860016167164
65,70,0.0011042789556086063
65,71,0.0011374620953574777
65,72,0.0011159535497426987
65,73,0.0011351105058565736
65,74,0.0011510889744386077
65,75,0.001141938497312367
65,76,0.0011666746577247977
65,77,0.0011818748898804188
65,78,0.0012125313514843583
65,79,0.001291723339818418
65,80,0.0013502654619514942
65,81,0.0013456213055178523
65,82,0.0013629653258249164
65,83,0.0013450878905132413
65,84,0.0013972412561997771
65,85,0.001508119748905301
65,86,0.0015920535661280155
65,87,0.0015921031590551138
65,88,0.0015832007629796863
65,89,0.0015544139314442873
65,90,0.0014716116711497307
65,91,0.001491763163357973
65,92,0.0016047287499532104
65,93,0.001676200539804995
65,94,0.00166115234605968
65,95,0.0016795936971902847
65,96,0.001704719034023583
65,97,0.0016900318441912532
65,98,0.0017487377626821399
65,99,0.0018956944113597274
65,100,0.001981107285246253
65,101,0.0020284599158912897
65,102,0.0019901690538972616
65,103,0.002163328230381012
65,104,0.0021305044647306204
65,105,0.0020724839996546507
65,106,0.0020835758186876774
65,107,0.0020461215171962976
65,108,0.002076194854453206
65,109,0.002088526962324977
65,110,0.0021719238720834255
65,111,0.0022940111812204123
65,112,0.0023526865988969803
65,113,0.0022581557277590036
65,114,0.0022669534664601088
65,115,0.0022862234618514776
65,116,0.0022448254749178886
65,117,0.002323552966117859
65,118,0.002425830578431487
65,119,0.0024748353753238916
65,120,0.002480760682374239
65,121,0.002552168443799019
65,122,0.0026228702627122402
65,123,0.002583069959655404
65,124,0.002671359572559595
65,125,0.0026660440489649773
65,126,0.002658689394593239
65,127,0.0026751491241157055
65,128,0.002728986321017146
65,129,0.002894942183047533
65,130,0.002890914212912321
65,131,0.00294058327563107
65,132,0.0029276874847710133
65,133,0.0030375090427696705
65,134,0.0031306124292314053
65,135,0.003304441459476948
65,136,0.003372285282239318
65,137,0.003330060513690114
65,138,0.003404337679967284
65,139,0.0033432808704674244
65,140,0.0032877554185688496
65,141,0.003410473233088851
65,142,0.0035258017014712095
65,143,0.00363872479647398
65,144,0.0036946360487490892
65,145,0.0036884676665067673
65,146,0.00373599654994905
65,147,0.003753504017367959
65,148,0.0037585559766739607
65,149,0.003786635585129261
65,150,0.0037098361644893885
65,151,0.0037182075902819633
65,152,0.003891374683007598
65,153,0.004161720164120197
65,154,0.00425230897963047
65,155,0.004046838264912367
65,156,0.004059066064655781
65,157,0.004134675022214651
65,158,0.0041770958341658115
65,159,0.004339862614870071
65,160,0.00448071351274848
65,161,0.004574907943606377
65,162,0.00458328565582633
65,163,0.0047256601974368095
65,164,0.004818886984139681
65,165,0.004945436958223581
65,166,0.005195186473429203
65,167,0.005176430568099022
65,168,0.0050785131752491
65,169,0.005176692735403776
65,170,0.005469119176268578
65,171,0.005764239467680454
65,172,0.005990342237055302
65,173,0.006177683360874653
65,174,0.006507562473416328
65,175,0.006798086687922478
65,176,0.007016945630311966
65,177,0.007171716541051865
65,178,0.007491108495742083
65,179,0.007867156527936459
65,180,0.008210776373744011
65,181,0.008523944765329361
65,182,0.009114696644246578
65,183,0.010140465572476387
65,184,0.011198733933269978
65,185,0.012158717960119247
65,186,0.013226925395429134
65,187,0.01427711732685566
65,188,0.015153936110436916
65,189,0.016139883548021317
65,190,0.017391115427017212
65,191,0.01863912120461464
65,192,0.02014952525496483
65,193,0.022253895178437233
65,194,0.024523770436644554
65,195,0.026732614263892174
65,196,0.028992334380745888
65,197,0.031538933515548706
65,198,0.03466107323765755
65,199,0.03790067881345749
65,200,0.04147981107234955
65,201,0.0458725206553936
65,202,0.050575461238622665
65,203,0.05481641739606857
65,204,0.059501711279153824
65,205,0.06537816673517227
65,206,0.071506068110466
65,207,0.07752691209316254
65,208,0.08424459397792816
65,209,0.09196646511554718
65,210,0.1001703217625618
65,211,0.1088256984949112
65,212,0.11817826330661774
65,213,0.12830831110477448
65,214,0.13935163617134094
65,215,0.1508837342262268
65,216,0.16299983859062195
65,217,0.17569200694561005
65,218,0.18947280943393707
65,219,0.20416775345802307
65,220,0.21995609998703003
65,221,0.23621535301208496
65,222,0.2526557743549347
65,223,0.27014896273612976
65,224,0.28849488496780396
65,225,0.3068426251411438
65,226,0.3264292776584625
65,227,0.34753257036209106
65,228,0.3690830171108246
65,229,0.39144080877304077
65,230,0.4138288199901581
65,231,0.4368758797645569
65,232,0.46129852533340454
65,233,0.48536360263824463
65,234,0.5106695294380188
65,235,0.5345986485481262
65,236,0.5594545602798462
65,237,0.5850955843925476
65,238,0.6105719208717346
65,239,0.638157844543457
65,240,0.6630333065986633
65,241,0.6856662034988403
65,242,0.7070311307907104
65,243,0.7279383540153503
65,244,0.7562360167503357
65,245,0.7813791632652283
65,246,0.8003659844398499
65,247,0.8219481110572815
65,248,0.8390998840332031
65,249,0.8582335114479065
65,250,0.8819395303726196
65,251,0.8919174075126648
65,252,0.9088665246963501
65,253,0.9324354529380798
65,254,0.9307383894920349
65,255,0.9466515183448792
65,256,0.9660665988922119
65,257,0.9474537968635559
65,258,0.9738567471504211
65,259,0.991922914981842
65,260,0.9499545693397522
65,261,0.9865542650222778
65,262,1.0
65,263,0.9380886554718018
65,264,0.9789296388626099
65,265,0.996805727481842
65,266,0.9272958636283875
65,267,0.9412294626235962
65,268,0.9771279692649841
65,269,0.9161025285720825
65,270,0.8822939991950989
65,271,0.9266373515129089
65,272,0.8981349468231201
65,273,0.8185032606124878
65,274,0.8268411159515381
65,275,0.845683217048645
65,276,0.7800155282020569
65,277,0.7295272946357727
65,278,0.7456314563751221
65,279,0.7241002321243286
65,280,0.6633845567703247
65,281,0.6373232007026672
65,282,0.6152485609054565
65,283,0.5862767696380615
65,284,0.560030996799469
65,285,0.5327967405319214
65,286,0.4896163046360016
65,287,0.44968312978744507
65,288,0.43456369638442993
65,289,0.42909538745880127
65,290,0.4044993817806244
65,291,0.3518938720226288
65,292,0.3043723702430725
65,293,0.29216495156288147
65,294,0.30306264758110046
65,295,0.29737162590026855
65,296,0.25417041778564453
65,297,0.2046503871679306
65,298,0.17633472383022308
65,299,0.17390429973602295
65,300,0.18255877494812012
65,301,0.1823713630437851
65,302,0.16189992427825928
65,303,0.13156487047672272
65,304,0.10746172070503235
65,305,0.09366331994533539
65,306,0.08679648488759995
65,307,0.08427790552377701
65,308,0.08255674690008163
65,309,0.07756157219409943
65,310,0.06962285935878754
65,311,0.062301646918058395
65,312,0.05632100626826286
65,313,0.050415392965078354
65,314,0.04449175298213959
65,315,0.03946647047996521
65,316,0.035710811614990234
65,317,0.033220142126083374
65,318,0.031193647533655167
65,319,0.028961073607206345
65,320,0.02618199959397316
65,321,0.023277126252651215
65,322,0.0212525837123394
65,323,0.020201178267598152
65,324,0.019202690571546555
65,325,0.017998795956373215
65,326,0.01698135770857334
65,327,0.01626809872686863
65,328,0.015700627118349075
65,329,0.015154732391238213
65,330,0.014565393328666687
65,331,0.014134528115391731
65,332,0.013621162623167038
65,333,0.013189647346735
65,334,0.013002660125494003
65,335,0.012610905803740025
65,336,0.012483994476497173
65,337,0.012534541077911854
65,338,0.012311135418713093
65,339,0.012053532525897026
65,340,0.012047169730067253
65,341,0.012260176241397858
65,342,0.012089408002793789
65,343,0.011709323152899742
65,344,0.01176763977855444
65,345,0.011674807406961918
65,346,0.011442473158240318
65,347,0.01129655446857214
65,348,0.011225813999772072
65,349,0.01123544480651617
65,350,0.011167027987539768
65,351,0.011113885790109634
65,352,0.011219550855457783
65,353,0.011359994299709797
65,354,0.011218958534300327
65,355,0.011115686036646366
65,356,0.011218719184398651
65,357,0.011112865060567856
65,358,0.01087677851319313
65,359,0.010789861902594566
65,360,0.010696093551814556
65,361,0.010730535723268986
65,362,0.010556424967944622
65,363,0.010554961860179901
65,364,0.010606661438941956
65,365,0.010689565911889076
65,366,0.01055421493947506
65,367,0.010393721982836723
65,368,0.01027263980358839
65,369,0.010150439105927944
65,370,0.010010291822254658
65,371,0.010161050595343113
65,372,0.010241968557238579
65,373,0.010096966288983822
65,374,0.009960746392607689
65,375,0.009930270723998547
65,376,0.010113399475812912
65,377,0.010178487747907639
65,378,0.010050363838672638
65,379,0.00991880428045988
65,380,0.009804580360651016
65,381,0.009590708650648594
65,382,0.009467099793255329
65,383,0.009572204202413559
65,384,0.009609604254364967
65,385,0.009540986269712448
65,386,0.009399806149303913
65,387,0.009253942407667637
65,388,0.009209679439663887
65,389,0.00931687094271183
65,390,0.009083500131964684
65,391,0.008912291377782822
65,392,0.009032285772264004
65,393,0.009096412919461727
65,394,0.009053727611899376
65,395,0.008999897167086601
65,396,0.008994344621896744
65,397,0.008824598044157028
65,398,0.008628553710877895
65,399,0.00863113347440958
65,400,0.0085674487054348
65,401,0.00856864359229803
65,402,0.008552481420338154
65,403,0.008586094714701176
65,404,0.008465453051030636
65,405,0.008325223810970783
65,406,0.008275396190583706
65,407,0.008272523060441017
65,408,0.008267727680504322
65,409,0.008140663616359234
65,410,0.008069478906691074
65,411,0.008071880787611008
65,412,0.007982959039509296
65,413,0.00789853185415268
65,414,0.007943812757730484
65,415,0.00790635496377945
65,416,0.00786332692950964
65,417,0.007840827107429504
65,418,0.007770638447254896
65,419,0.007699309848248959
65,420,0.0076323156245052814
65,421,0.007634960114955902
65,422,0.007546231150627136
65,423,0.007546501234173775
65,424,0.007522622589021921
65,425,0.007450345903635025
65,426,0.0073700775392353535
65,427,0.007355343084782362
65,428,0.007345470599830151
65,429,0.007373022381216288
65,430,0.007340356707572937
65,431,0.0071774129755795
65,432,0.007137560285627842
65,433,0.0070945401675999165
65,434,0.007083049044013023
65,435,0.007036765106022358
65,436,0.006969161797314882
65,437,0.006931324955075979
65,438,0.006907669827342033
65,439,0.006915044505149126
65,440,0.006940142251551151
65,441,0.00688673323020339
65,442,0.006813232786953449
65,443,0.006791057530790567
65,444,0.006835553795099258
65,445,0.00684617692604661
65,446,0.006752869114279747
65,447,0.00670345313847065
65,448,0.00676713977009058
65,449,0.006732790265232325
65,450,0.006620426196604967
65,451,0.006590039469301701
65,452,0.0065801325254142284
65,453,0.006545680575072765
65,454,0.006472389679402113
65,455,0.006458462681621313
65,456,0.0064560892060399055
65,457,0.006404933054000139
65,458,0.00637387577444315
65,459,0.006389500107616186
65,460,0.006381459999829531
65,461,0.006348464637994766
65,462,0.00632384791970253
65,463,0.006296952720731497
65,464,0.006276565138250589
65,465,0.00628268625587225
65,466,0.006256038788706064
65,467,0.006219932343810797
65,468,0.006221993360668421
65,469,0.006189542822539806
65,470,0.0061711398884654045
65,471,0.006191647611558437
65,472,0.0061936029233038425
65,473,0.006158009637147188
65,474,0.0061164298094809055
65,475,0.006101745646446943
65,476,0.006110398098826408
65,477,0.006112485192716122
65,478,0.006103736814111471
65,479,0.006083635147660971
65,480,0.006053074728697538
65,481,0.0060354904271662235
65,482,0.006032812409102917
65,483,0.00601557781919837
65,484,0.0060037593357264996
65,485,0.005987623706459999
65,486,0.005983925890177488
65,487,0.005991097539663315
65,488,0.005981265567243099
65,489,0.005972846876829863
65,490,0.005969750229269266
65,491,0.0059671406634151936
65,492,0.005967003293335438
65,493,0.005968331824988127
65,494,0.005962640978395939
65,495,0.005949647165834904
65,496,0.005945086013525724
65,497,0.0059518832713365555
65,498,0.005953576415777206
65,499,0.0059462646022439
65,500,0.005941797513514757
65,501,0.005941492971032858
65,502,0.005936783738434315
65,503,0.005929421633481979
65,504,0.005933566018939018
65,505,0.005934776738286018
65,506,0.005934649612754583
65,507,0.005937688983976841
65,508,0.005937045905739069
65,509,0.005935339722782373
65,510,0.0059379274025559425
65,511,0.005942986812442541
66,0,0.0
66,1,5.849495209986344e-06
66,2,1.2728022738883737e-05
66,3,2.905695146182552e-05
66,4,4.690749847213738e-05
66,5,5.99170925852377e-05
66,6,6.594914884772152e-05
66,7,7.583868864458054e-05
66,8,9.000543650472537e-05
66,9,0.00010152055619983003
66,10,0.00011309002729831263
66,11,0.00012743430852424353
66,12,0.00014339589688461274
66,13,0.0001618386886548251
66,14,0.00018183542124461383
66,15,0.0001928481215145439
66,16,0.00020683303591795266
66,17,0.00021184765500947833
66,18,0.00022567504493054003
66,19,0.0002356226759729907
66,20,0.0002414278860669583
66,21,0.00027462519938126206
66,22,0.00030707608675584197
66,23,0.00032872313749976456
66,24,0.00034966086968779564
66,25,0.0003634486347436905
66,26,0.0003528599045239389
66,27,0.0003502622712403536
66,28,0.0003862466255668551
66,29,0.00040058890590444207
66,30,0.00040126644307747483
66,31,0.000391120498534292
66,32,0.00042577472049742937
66,33,0.0004872615681961179
66,34,0.0004825388314202428
66,35,0.00046215957263484597
66,36,0.00046084882342256606
66,37,0.0004729255160782486
66,38,0.0005056322552263737
66,39,0.0005195391713641584
66,40,0.0005583901074714959
66,41,0.0006055818521417677
66,42,0.0006256792694330215
66,43,0.0005965433083474636
66,44,0.0006008968921378255
66,45,0.0006159993936307728
66,46,0.0006407680921256542
66,47,0.000668369117192924
66,48,0.0006963353953324258
66,49,0.0007360329618677497
66,50,0.0007699265261180699
66,51,0.0007410969701595604
66,52,0.0007426712545566261
66,53,0.0007639395771548152
66,54,0.0007648866157978773
66,55,0.000765719567425549
66,56,0.0008255513967014849
66,57,0.0008522457210347056
66,58,0.0008508493774570525
66,59,0.0008502458222210407
66,60,0.000832355348393321
66,61,0.0008593536913394928
66,62,0.0009382491698488593
66,63,0.0009806794114410877
66,64,0.0009516714490018785
66,65,0.0009246578556485474
66,66,0.0009495816193521023
66,67,0.0009751398465596139
66,68,0.0009793306235224009
66,69,0.0010329964570701122
66,70,0.001069425605237484
66,71,0.0011317837052047253
66,72,0.0012472188100218773
66,73,0.0012428732588887215
66,74,0.0011740130139514804
66,75,0.0012004361487925053
66,76,0.001307670259848237
66,77,0.0013648245949298143
66,78,0.0013359024887904525
66,79,0.0013007436646148562
66,80,0.00131290964782238
66,81,0.0013153244508430362
66,82,0.0013699850533157587
66,83,0.0013834151905030012
66,84,0.0013255397789180279
66,85,0.0013761452864855528
66,86,0.001468262984417379
66,87,0.0015114262932911515
66,88,0.0015067928470671177
66,89,0.001528414199128747
66,90,0.001527231652289629
66,91,0.0014671182725578547
66,92,0.0014555666130036116
66,93,0.0015507384669035673
66,94,0.0015944738406687975
66,95,0.001723841531202197
66,96,0.0017808089032769203
66,97,0.001651348895393312
66,98,0.0017296472797170281
66,99,0.0018812797497957945
66,100,0.0019481619819998741
66,101,0.0020133720245212317
66,102,0.0019872277043759823
66,103,0.0018801141995936632
66,104,0.001808862085454166
66,105,0.0019517765613272786
66,106,0.0020708651281893253
66,107,0.002033429918810725
66,108,0.0020361323840916157
66,109,0.0021809570025652647
66,110,0.002150020096451044
66,111,0.0022536381147801876
66,112,0.0023669640067964792
66,113,0.002412949688732624
66,114,0.0024430404882878065
66,115,0.002457690192386508
66,116,0.00240298081189394
66,117,0.002412887290120125
66,118,0.0025652700569480658
66,119,0.002648630877956748
66,120,0.0026119041722267866
66,121,0.002566257957369089
66,122,0.002557344501838088
66,123,0.0024958411231637
66,124,0.002538946457207203
66,125,0.0025682086125016212
66,126,0.002556395949795842
66,127,0.0026066070422530174
66,128,0.0025993776507675648
66,129,0.002712423913180828
66,130,0.0028838820289820433
66,131,0.0029216590337455273
66,132,0.002871562261134386
66,133,0.0028527965769171715
66,134,0.0029508916195482016
66,135,0.003290418768301606
66,136,0.003498738631606102
66,137,0.003381737507879734
66,138,0.0031014876440167427
66,139,0.003301249584183097
66,140,0.003602630691602826
66,141,0.0035036331973969936
66,142,0.003437364473938942
66,143,0.003554100636392832
66,144,0.0035705985501408577
66,145,0.0036148682702332735
66,146,0.0036006758455187082
66,147,0.0038097978103905916
66,148,0.003927082289010286
66,149,0.0038894577883183956
66,150,0.0040378388948738575
66,151,0.004051449242979288
66,152,0.0038361463230103254
66,153,0.003796638920903206
66,154,0.0038955998606979847
66,155,0.003919566050171852
66,156,0.003920587711036205
66,157,0.004085857886821032
66,158,0.004051170311868191
66,159,0.004013949539512396
66,160,0.00407591974362731
66,161,0.0041967942379415035
66,162,0.004377590026706457
66,163,0.004497685935348272
66,164,0.004468764644116163
66,165,0.004447673447430134
66,166,0.00469224201515317
66,167,0.005169935990124941
66,168,0.00507422024384141
66,169,0.004951597657054663
66,170,0.004826581105589867
66,171,0.004814078565686941
66,172,0.004996393341571093
66,173,0.005220792721956968
66,174,0.005440333392471075
66,175,0.005532450973987579
66,176,0.005384990945458412
66,177,0.005450122058391571
66,178,0.005990816745907068
66,179,0.006271691992878914
66,180,0.006182112731039524
66,181,0.006128057837486267
66,182,0.0064173550345003605
66,183,0.007297774311155081
66,184,0.008306460455060005
66,185,0.008775034919381142
66,186,0.009139541536569595
66,187,0.009949651546776295
66,188,0.010822439566254616
66,189,0.011362947523593903
66,190,0.012095123529434204
66,191,0.01344120129942894
66,192,0.014830796048045158
66,193,0.016120074316859245
66,194,0.018008781597018242
66,195,0.020543105900287628
66,196,0.02292657643556595
66,197,0.02523529902100563
66,198,0.02826092205941677
66,199,0.03202054277062416
66,200,0.03592275455594063
66,201,0.0398128516972065
66,202,0.044664472341537476
66,203,0.050337161868810654
66,204,0.05630125850439072
66,205,0.0627245381474495
66,206,0.06976208835840225
66,207,0.07763936370611191
66,208,0.08632803708314896
66,209,0.09560513496398926
66,210,0.1058039665222168
66,211,0.11718498915433884
66,212,0.1293681412935257
66,213,0.1424948126077652
66,214,0.15725190937519073
66,215,0.1731988489627838
66,216,0.19001999497413635
66,217,0.20713281631469727
66,218,0.2256062626838684
66,219,0.24580657482147217
66,220,0.2671390771865845
66,221,0.2897929549217224
66,222,0.3138194680213928
66,223,0.3386780619621277
66,224,0.36490175127983093
66,225,0.39238202571868896
66,226,0.4194733500480652
66,227,0.44583359360694885
66,228,0.4726431667804718
66,229,0.5013006925582886
66,230,0.534299373626709
66,231,0.5662235617637634
66,232,0.5954586267471313
66,233,0.6233477592468262
66,234,0.6522400975227356
66,235,0.6872314810752869
66,236,0.7175841331481934
66,237,0.7443016767501831
66,238,0.7731400728225708
66,239,0.8003664016723633
66,240,0.8265544772148132
66,241,0.8516752123832703
66,242,0.8753337860107422
66,243,0.8910242319107056
66,244,0.9171966910362244
66,245,0.9386439323425293
66,246,0.9389974474906921
66,247,0.9660887718200684
66,248,0.9739450812339783
66,249,0.9658957719802856
66,250,0.9927828907966614
66,251,0.9901732206344604
66,252,0.976340115070343
66,253,1.0
66,254,0.9913738369941711
66,255,0.9738953113555908
66,256,0.9839456081390381
66,257,0.9796106219291687
66,258,0.9708234667778015
66,259,0.9461864829063416
66,260,0.9394679069519043
66,261,0.9589042663574219
66,262,0.9184278249740601
66,263,0.8735917806625366
66,264,0.9234328269958496
66,265,0.9077444672584534
66,266,0.810411274433136
66,267,0.8264864087104797
66,268,0.8779334425926208
66,269,0.8015353083610535
66,270,0.7270714640617371
66,271,0.7650026082992554
66,272,0.7786577343940735
66,273,0.7099575400352478
66,274,0.6727410554885864
66,275,0.6684341430664062
66,276,0.6446758508682251
66,277,0.6256846189498901
66,278,0.6231812238693237
66,279,0.5783052444458008
66,280,0.5145342350006104
66,281,0.5092555284500122
66,282,0.547467827796936
66,283,0.5307564735412598
66,284,0.4506264626979828
66,285,0.3873000741004944
66,286,0.3943992853164673
66,287,0.4320245683193207
66,288,0.4307573139667511
66,289,0.37957242131233215
66,290,0.32281044125556946
66,291,0.2962915301322937
66,292,0.2948864698410034
66,293,0.298293799161911
66,294,0.2949630320072174
66,295,0.2831812798976898
66,296,0.26214078068733215
66,297,0.23623782396316528
66,298,0.21366389095783234
66,299,0.19895660877227783
66,300,0.18709935247898102
66,301,0.174005389213562
66,302,0.16288788616657257
66,303,0.1562936156988144
66,304,0.15346159040927887
66,305,0.15252186357975006
66,306,0.1505715250968933
66,307,0.14448182284832
66,308,0.13402916491031647
66,309,0.12230902910232544
66,310,0.11174455285072327
66,311,0.10194172710180283
66,312,0.09232122451066971
66,313,0.08463798463344574
66,314,0.0787995383143425
66,315,0.07346223294734955
66,316,0.06814426928758621
66,317,0.06330925971269608
66,318,0.05926021933555603
66,319,0.05582919716835022
66,320,0.052771057933568954
66,321,0.050023775547742844
66,322,0.047701478004455566
66,323,0.045812029391527176
66,324,0.04411562532186508
66,325,0.04235297441482544
66,326,0.040791984647512436
66,327,0.039549726992845535
66,328,0.037366561591625214
66,329,0.03394487872719765
66,330,0.0306683536618948
66,331,0.02822752296924591
66,332,0.0260677020996809
66,333,0.02407081238925457
66,334,0.0225264560431242
66,335,0.02171255275607109
66,336,0.021262438967823982
66,337,0.021178236231207848
66,338,0.02089434489607811
66,339,0.020096849650144577
66,340,0.018436815589666367
66,341,0.01681501977145672
66,342,0.01602362096309662
66,343,0.01578555442392826
66,344,0.0158243365585804
66,345,0.015600203536450863
66,346,0.0149297583848238
66,347,0.014218667522072792
66,348,0.01379449013620615
66,349,0.013523470610380173
66,350,0.013420017436146736
66,351,0.013013766147196293
66,352,0.012388368137180805
66,353,0.011968950740993023
66,354,0.011807065457105637
66,355,0.011759099550545216
66,356,0.011786478571593761
66,357,0.012004210613667965
66,358,0.011825316585600376
66,359,0.011488029733300209
66,360,0.011111915111541748
66,361,0.011032288894057274
66,362,0.010782577097415924
66,363,0.010429590940475464
66,364,0.01018222514539957
66,365,0.010222431272268295
66,366,0.010084531269967556
66,367,0.010152135975658894
66,368,0.010199230164289474
66,369,0.010034535080194473
66,370,0.009983723051846027
66,371,0.010031363926827908
66,372,0.009985608980059624
66,373,0.009757471270859241
66,374,0.009662454947829247
66,375,0.009589976631104946
66,376,0.00947886984795332
66,377,0.009362243115901947
66,378,0.009463626891374588
66,379,0.009407727047801018
66,380,0.009281298145651817
66,381,0.009305272251367569
66,382,0.009181356988847256
66,383,0.009075683541595936
66,384,0.009139240719377995
66,385,0.009063513949513435
66,386,0.008867364376783371
66,387,0.008827141486108303
66,388,0.008777709677815437
66,389,0.008777949027717113
66,390,0.008815431967377663
66,391,0.008897797204554081
66,392,0.008822886273264885
66,393,0.008765661157667637
66,394,0.008783970959484577
66,395,0.008632083423435688
66,396,0.008437883108854294
66,397,0.008311934769153595
66,398,0.008276216685771942
66,399,0.008216967806220055
66,400,0.008161129429936409
66,401,0.00812031514942646
66,402,0.008061560802161694
66,403,0.00807102955877781
66,404,0.008113546296954155
66,405,0.008072798140347004
66,406,0.008017465472221375
66,407,0.007989847101271152
66,408,0.007982883602380753
66,409,0.007979566231369972
66,410,0.007925339974462986
66,411,0.007780874148011208
66,412,0.007651506923139095
66,413,0.007561026606708765
66,414,0.0075298803858459
66,415,0.0075176130048930645
66,416,0.007455626502633095
66,417,0.007389276288449764
66,418,0.007361002266407013
66,419,0.0073490627110004425
66,420,0.007272966671735048
66,421,0.007220350671559572
66,422,0.007248129229992628
66,423,0.007211876101791859
66,424,0.007155499886721373
66,425,0.007103236857801676
66,426,0.007073803339153528
66,427,0.0070647685788571835
66,428,0.007048519793897867
66,429,0.006974140182137489
66,430,0.006893823388963938
66,431,0.006888202857226133
66,432,0.006874948274344206
66,433,0.006792472675442696
66,434,0.006801472045481205
66,435,0.006802340969443321
66,436,0.006762937642633915
66,437,0.0066939061507582664
66,438,0.006628929637372494
66,439,0.006610900163650513
66,440,0.006593026220798492
66,441,0.006578850094228983
66,442,0.006558274384588003
66,443,0.006514160893857479
66,444,0.0064827390015125275
66,445,0.0064714448526501656
66,446,0.006455701310187578
66,447,0.006498963106423616
66,448,0.006485292222350836
66,449,0.0064036971889436245
66,450,0.006332303397357464
66,451,0.006280614994466305
66,452,0.006253396160900593
66,453,0.0062182131223380566
66,454,0.006189086474478245
66,455,0.006173836067318916
66,456,0.006181854754686356
66,457,0.0061717648059129715
66,458,0.0061447336338460445
66,459,0.006129527930170298
66,460,0.006134456489235163
66,461,0.006096955388784409
66,462,0.00604791147634387
66,463,0.006019002292305231
66,464,0.0060048880986869335
66,465,0.006008160766214132
66,466,0.005984680727124214
66,467,0.005974785890430212
66,468,0.005959048867225647
66,469,0.005951419472694397
66,470,0.005932661239057779
66,471,0.005903829820454121
66,472,0.005892849527299404
66,473,0.005887910723686218
66,474,0.005879971198737621
66,475,0.005894526839256287
66,476,0.005890137515962124
66,477,0.005859156139194965
66,478,0.005844533909112215
66,479,0.005830045789480209
66,480,0.005819928366690874
66,481,0.005811179522424936
66,482,0.005807454232126474
66,483,0.005807365290820599
66,484,0.005796580109745264
66,485,0.005784459877759218
66,486,0.005783085245639086
66,487,0.005773451644927263
66,488,0.005760118365287781
66,489,0.005744177382439375
66,490,0.005737028084695339
66,491,0.005733138415962458
66,492,0.0057298569008708
66,493,0.0057267071679234505
66,494,0.005724841728806496
66,495,0.005721903871744871
66,496,0.005718541331589222
66,497,0.005714453291147947
66,498,0.005711576901376247
66,499,0.005711928475648165
66,500,0.005713340826332569
66,501,0.005712233949452639
66,502,0.005711460020393133
66,503,0.005709399003535509
66,504,0.00570729048922658
66,505,0.005706403870135546
66,506,0.00570827629417181
66,507,0.00571028795093298
66,508,0.005711480043828487
66,509,0.0057122353464365005
66,510,0.005713575053960085
66,511,0.005715469364076853
