case_id,sample_index,intensity,source_index
1,0,0.0,89
1,1,9.998535460908897e-06,89
1,2,2.0054832930327393e-05,89
1,3,3.0140228773234412e-05,89
1,4,4.018628897028975e-05,89
1,5,5.01941358379554e-05,89
1,6,6.026162736816332e-05,89
1,7,7.060372445266694e-05,89
1,8,8.088661707006395e-05,89
1,9,9.132981358561665e-05,89
1,10,0.00010148500587092713,89
1,11,0.0001119032604037784,89
1,12,0.0001226674794452265,89
1,13,0.00013260499690659344,89
1,14,0.00014333537546917796,89
1,15,0.00015381495177280158,89
1,16,0.0001648168545216322,89
1,17,0.00017590454081073403,89
1,18,0.00018622315838001668,89
1,19,0.00019816066196653992,89
1,20,0.00020915963978040963,89
1,21,0.00021954934345558286,89
1,22,0.00023030850570648909,89
1,23,0.00024126451171468943,89
1,24,0.000255750521318987,89
1,25,0.00026464942493475974,89
1,26,0.0002762189251370728,89
1,27,0.000290499534457922,89
1,28,0.00030364468693733215,89
1,29,0.0003147064126096666,89
1,30,0.000325222936226055,89
1,31,0.000338057114277035,89
1,32,0.0003560782060958445,89
1,33,0.00036054832162335515,89
1,34,0.0003720108943525702,89
1,35,0.00039269725675694644,89
1,36,0.0004031735588796437,89
1,37,0.00042764670797623694,89
1,38,0.00043720894609577954,89
1,39,0.0004363038460724056,89
1,40,0.000446747406385839,89
1,41,0.0004584832931868732,89
1,42,0.00046383930020965636,89
1,43,0.0004912270233035088,89
1,44,0.0005088935140520334,89
1,45,0.000518787419423461,89
1,46,0.0005286489031277597,89
1,47,0.0005388504941947758,89
1,48,0.0005434673512354493,89
1,49,0.0005584108293987811,89
1,50,0.0005869101150892675,89
1,51,0.0006007674965076149,89
1,52,0.0005995428655296564,89
1,53,0.0006083330372348428,89
1,54,0.0006315906648524106,89
1,55,0.0006431095534935594,89
1,56,0.000667560554575175,89
1,57,0.0006898722494952381,89
1,58,0.0007023925427347422,89
1,59,0.0007356186979450285,89
1,60,0.0007423655479215086,89
1,61,0.0007379546877928078,89
1,62,0.0007339162984862924,89
1,63,0.0007628263556398451,89
1,64,0.0007955281180329621,89
1,65,0.0008091909694485366,89
1,66,0.000819478475023061,89
1,67,0.0008310686680488288,89
1,68,0.0008474690257571638,89
1,69,0.0008640181622467935,89
1,70,0.0008905440918169916,89
1,71,0.0009086106438189745,89
1,72,0.0009283869876526296,89
1,73,0.0009303839178755879,89
1,74,0.0009310186724178493,89
1,75,0.0009672863525338471,89
1,76,0.0010222113924100995,89
1,77,0.0010496297618374228,89
1,78,0.001032873522490263,89
1,79,0.0010318128624930978,89
1,80,0.0010498714400455356,89
1,81,0.0010607218137010932,89
1,82,0.0010875951265916228,89
1,83,0.0010985690169036388,89
1,84,0.0011136762332171202,89
1,85,0.0011466662399470806,89
1,86,0.0011747184908017516,89
1,87,0.0011852104216814041,89
1,88,0.0012062240857630968,89
1,89,0.0012866889592260122,89
1,90,0.001341377035714686,89
1,91,0.0012958107981830835,89
1,92,0.0012857180554419756,89
1,93,0.0013281676219776273,89
1,94,0.0013853305717930198,89
1,95,0.0014110677875578403,89
1,96,0.0013761877780780196,89
1,97,0.0014526924351230264,89
1,98,0.0015132654225453734,89
1,99,0.0014507470186799765,89
1,100,0.0014824139652773738,89
1,101,0.0015417065005749464,89
1,102,0.001519272685982287,89
1,103,0.0015518078580498695,89
1,104,0.0016094056190922856,89
1,105,0.0016483064973726869,89
1,106,0.001691830693744123,89
1,107,0.0017720522591844201,89
1,108,0.0017808604752644897,89
1,109,0.0017075615469366312,89
1,110,0.001816313830204308,89
1,111,0.0017749023390933871,89
1,112,0.0018502032617107034,89
1,113,0.0018969607772305608,89
1,114,0.001984104048460722,89
1,115,0.0019909690599888563,89
1,116,0.0019033399876207113,89
1,117,0.0018420591950416565,89
1,118,0.0019432150293141603,89
1,119,0.0019835466518998146,89
1,120,0.0020088842138648033,89
1,121,0.0019737198017537594,89
1,122,0.0020908555015921593,89
1,123,0.002117980271577835,89
1,124,0.0022594910115003586,89
1,125,0.00219714199192822,89
1,126,0.002324674278497696,89
1,127,0.002422406105324626,89
1,128,0.0023607134353369474,89
1,129,0.0023145556915551424,89
1,130,0.0024030455388128757,89
1,131,0.0024608199018985033,89
1,132,0.002438552211970091,89
1,133,0.002460411749780178,89
1,134,0.0025085206143558025,89
1,135,0.002588748699054122,89
1,136,0.002570302924141288,89
1,137,0.00255718850530684,89
1,138,0.002621975028887391,89
1,139,0.002669776324182749,89
1,140,0.002689892193302512,89
1,141,0.0027677693869918585,89
1,142,0.0027953083626925945,89
1,143,0.002982229692861438,89
1,144,0.0030361725948750973,89
1,145,0.003064707387238741,89
1,146,0.0031069398391991854,89
1,147,0.00310435239225626,89
1,148,0.0030256572645157576,89
1,149,0.0031903365161269903,89
1,150,0.0032076637726277113,89
1,151,0.0031081654597073793,89
1,152,0.003117080545052886,89
1,153,0.0032454056199640036,89
1,154,0.0033530662767589092,89
1,155,0.003454662626609206,89
1,156,0.003557153046131134,89
1,157,0.0036376938223838806,89
1,158,0.0037801607977598906,89
1,159,0.0036441227421164513,89
1,160,0.0035833390429615974,89
1,161,0.0035806652158498764,89
1,162,0.003633842570707202,89
1,163,0.0038036389742046595,89
1,164,0.003856970462948084,89
1,165,0.003908801358193159,89
1,166,0.003929502796381712,89
1,167,0.0039479369297623634,89
1,168,0.004041455220431089,89
1,169,0.003990878816694021,89
1,170,0.004138968884944916,89
1,171,0.004232233855873346,89
1,172,0.0043777357786893845,89
1,173,0.0045821573585271835,89
1,174,0.004658808466047049,89
1,175,0.004744803067296743,89
1,176,0.004835398867726326,89
1,177,0.004971860907971859,89
1,178,0.004959956277161837,89
1,179,0.005107074975967407,89
1,180,0.005329417996108532,89
1,181,0.005434130318462849,89
1,182,0.00561549561098218,89
1,183,0.006287158466875553,89
1,184,0.0066828541457653046,89
1,185,0.0067506833001971245,89
1,186,0.006869910750538111,89
1,187,0.007424307055771351,89
1,188,0.008138850331306458,89
1,189,0.008725309744477272,89
1,190,0.009373772889375687,89
1,191,0.010015343315899372,89
1,192,0.010878381319344044,89
1,193,0.012255720794200897,89
1,194,0.01366402953863144,89
1,195,0.014859826304018497,89
1,196,0.016102982684969902,89
1,197,0.017578106373548508,89
1,198,0.019275782629847527,89
1,199,0.021206028759479523,89
1,200,0.023613162338733673,89
1,201,0.02636384591460228,89
1,202,0.029200801625847816,89
1,203,0.03212972730398178,89
1,204,0.03559138998389244,89
1,205,0.03959081321954727,89
1,206,0.04391191899776459,89
1,207,0.0485616959631443,89
1,208,0.05360265448689461,89
1,209,0.05915770307183266,89
1,210,0.06545727699995041,89
1,211,0.07246003299951553,89
1,212,0.07969371974468231,89
1,213,0.0871906578540802,89
1,214,0.09581051766872406,89
1,215,0.10559825599193573,89
1,216,0.11606195569038391,89
1,217,0.12660597264766693,89
1,218,0.13800279796123505,89
1,219,0.15035198628902435,89
1,220,0.16379831731319427,89
1,221,0.17807166278362274,89
1,222,0.19284175336360931,89
1,223,0.20824551582336426,89
1,224,0.22427545487880707,89
1,225,0.24152445793151855,89
1,226,0.2599184811115265,89
1,227,0.27895280718803406,89
1,228,0.2989789545536041,89
1,229,0.31963393092155457,89
1,230,0.3413282334804535,89
1,231,0.36367514729499817,89
1,232,0.38735148310661316,89
1,233,0.4113178849220276,89
1,234,0.43538492918014526,89
1,235,0.46111637353897095,89
1,236,0.48701703548431396,89
1,237,0.5130332112312317,89
1,238,0.5388970971107483,89
1,239,0.5647429823875427,89
1,240,0.5934810638427734,89
1,241,0.6159063577651978,89
1,242,0.6391623020172119,89
1,243,0.6685071587562561,89
1,244,0.6939272284507751,89
1,245,0.7219874262809753,89
1,246,0.73929762840271,89
1,247,0.7616462111473083,89
1,248,0.7958118915557861,89
1,249,0.8050020933151245,89
1,250,0.8347029089927673,89
1,251,0.8576944470405579,89
1,252,0.8580535054206848,89
1,253,0.899168074131012,89
1,254,0.8994262218475342,89
1,255,0.8994346857070923,89
1,256,0.9490918517112732,89
1,257,0.9198198318481445,89
1,258,0.9298647046089172,89
1,259,0.980789065361023,89
1,260,0.9196563363075256,89
1,261,0.945018470287323,89
1,262,0.9991053938865662,89
1,263,0.9109150767326355,89
1,264,0.9405925869941711,89
1,265,1.0,89
1,266,0.8909748792648315,89
1,267,0.9017238616943359,89
1,268,0.983279287815094,89
1,269,0.8797195553779602,89
1,270,0.8251881003379822,89
1,271,0.9234651327133179,89
1,272,0.871157705783844,89
1,273,0.7498802542686462,89
1,274,0.8056776523590088,89
1,275,0.8424731492996216,89
1,276,0.7212509512901306,89
1,277,0.6582836508750916,89
1,278,0.7239787578582764,89
1,279,0.7033199071884155,89
1,280,0.5881077647209167,89
1,281,0.553691029548645,89
1,282,0.5929054021835327,89
1,283,0.5653698444366455,89
1,284,0.48271405696868896,89
1,285,0.439180463552475,89
1,286,0.44564902782440186,89
1,287,0.43699076771736145,89
1,288,0.38782623410224915,89
1,289,0.34037894010543823,89
1,290,0.31997519731521606,89
1,291,0.309771865606308,89
1,292,0.28829726576805115,89
1,293,0.2589111030101776,89
1,294,0.23280948400497437,89
1,295,0.2135612815618515,89
1,296,0.19817107915878296,89
1,297,0.17835074663162231,89
1,298,0.15677963197231293,89
1,299,0.1434238702058792,89
1,300,0.13403278589248657,89
1,301,0.12239152938127518,89
1,302,0.11084693670272827,89
1,303,0.0993320643901825,89
1,304,0.08539262413978577,89
1,305,0.07222384214401245,89
1,306,0.06324274837970734,89
1,307,0.05734196677803993,89
1,308,0.053320955485105515,89
1,309,0.050503622740507126,89
1,310,0.04742491617798805,89
1,311,0.04343370720744133,89
1,312,0.03915564343333244,89
1,313,0.035326968878507614,89
1,314,0.03149336948990822,89
1,315,0.027791522443294525,89
1,316,0.024600155651569366,89
1,317,0.02200857736170292,89
1,318,0.019949838519096375,89
1,319,0.01822764053940773,89
1,320,0.01676301285624504,89
1,321,0.015605122782289982,89
1,322,0.014685705304145813,89
1,323,0.014020794071257114,89
1,324,0.013502317480742931,89
1,325,0.012886409647762775,89
1,326,0.012408491224050522,89
1,327,0.01219162531197071,89
1,328,0.011790218763053417,89
1,329,0.011268988251686096,89
1,330,0.010972095653414726,89
1,331,0.011042147874832153,89
1,332,0.010905544273555279,89
1,333,0.010397681966423988,89
1,334,0.010157262906432152,89
1,335,0.010181229561567307,89
1,336,0.010162732563912868,89
1,337,0.009909170679748058,89
1,338,0.00988160539418459,89
1,339,0.01000992301851511,89
1,340,0.009908484295010567,89
1,341,0.009856956079602242,89
1,342,0.0098745571449399,89
1,343,0.00980646163225174,89
1,344,0.009739208035171032,89
1,345,0.00972919724881649,89
1,346,0.009609797038137913,89
1,347,0.009589922614395618,89
1,348,0.009725105948746204,89
1,349,0.009801388718187809,89
1,350,0.009585941210389137,89
1,351,0.009424431249499321,89
1,352,0.009425001218914986,89
1,353,0.009444501250982285,89
1,354,0.009501077234745026,89
1,355,0.009474484249949455,89
1,356,0.009352768771350384,89
1,357,0.00932986382395029,89
1,358,0.009151429869234562,89
1,359,0.00913864467293024,89
1,360,0.009065283462405205,89
1,361,0.008906268514692783,89
1,362,0.008950221352279186,89
1,363,0.009045720100402832,89
1,364,0.009069263003766537,89
1,365,0.009001937694847584,89
1,366,0.008984790183603764,89
1,367,0.00876156147569418,89
1,368,0.008644136600196362,89
1,369,0.008632125332951546,89
1,370,0.00863366574048996,89
1,371,0.008631741628050804,89
1,372,0.008635197766125202,89
1,373,0.008475801907479763,89
1,374,0.008398705162107944,89
1,375,0.008448071777820587,89
1,376,0.0084536699578166,89
1,377,0.008370298892259598,89
1,378,0.008196592330932617,89
1,379,0.008147242479026318,89
1,380,0.008157984353601933,89
1,381,0.008062523789703846,89
1,382,0.00794170144945383,89
1,383,0.007944508455693722,89
1,384,0.00801655650138855,89
1,385,0.008030666038393974,89
1,386,0.007933668792247772,89
1,387,0.007841214537620544,89
1,388,0.007754234597086906,89
1,389,0.00770359393209219,89
1,390,0.007646511774510145,89
1,391,0.00760809239000082,89
1,392,0.007604883052408695,89
1,393,0.007610194850713015,89
1,394,0.0074911946430802345,89
1,395,0.007427738513797522,89
1,396,0.00745472451671958,89
1,397,0.007412467151880264,89
1,398,0.007332052104175091,89
1,399,0.007330434396862984,89
1,400,0.007202189415693283,89
1,401,0.0071961949579417706,89
1,402,0.007142707239836454,89
1,403,0.007146044168621302,89
1,404,0.007109872996807098,89
1,405,0.007095653098076582,89
1,406,0.007076938170939684,89
1,407,0.006920260842889547,89
1,408,0.0068310946226119995,89
1,409,0.006847965065389872,89
1,410,0.006870467681437731,89
1,411,0.00680766673758626,89
1,412,0.006719422992318869,89
1,413,0.006726155057549477,89
1,414,0.006701250560581684,89
1,415,0.006590182427316904,89
1,416,0.006564832758158445,89
1,417,0.006621072068810463,89
1,418,0.006592671852558851,89
1,419,0.006495793350040913,89
1,420,0.006456983275711536,89
1,421,0.006460460368543863,89
1,422,0.006369095761328936,89
1,423,0.006317129358649254,89
1,424,0.006251881364732981,89
1,425,0.006250754930078983,89
1,426,0.006267914082854986,89
1,427,0.006216344423592091,89
1,428,0.006155536510050297,89
1,429,0.006119122728705406,89
1,430,0.006125085521489382,89
1,431,0.00607716292142868,89
1,432,0.00604470819234848,89
1,433,0.006068109069019556,89
1,434,0.0060253809206187725,89
1,435,0.005928638856858015,89
1,436,0.005876574199646711,89
1,437,0.005867107305675745,89
1,438,0.00586833618581295,89
1,439,0.005859761498868465,89
1,440,0.005803303327411413,89
1,441,0.005756231024861336,89
1,442,0.005746492650359869,89
1,443,0.005724563729017973,89
1,444,0.0057083843275904655,89
1,445,0.005710058379918337,89
1,446,0.005678791552782059,89
1,447,0.005654620472341776,89
1,448,0.0056187366135418415,89
1,449,0.0055583142675459385,89
1,450,0.005549486260861158,89
1,451,0.005560457706451416,89
1,452,0.005522479768842459,89
1,453,0.005507489200681448,89
1,454,0.005503947380930185,89
1,455,0.005478596780449152,89
1,456,0.005451831500977278,89
1,457,0.005437681917101145,89
1,458,0.0054156058467924595,89
1,459,0.005388179328292608,89
1,460,0.005372902844101191,89
1,461,0.005364926997572184,89
1,462,0.0053483592346310616,89
1,463,0.005335418041795492,89
1,464,0.005314290057867765,89
1,465,0.005292036570608616,89
1,466,0.005287851672619581,89
1,467,0.005283908918499947,89
1,468,0.005279653239995241,89
1,469,0.005275442730635405,89
1,470,0.005257022567093372,89
1,471,0.005237499717622995,89
1,472,0.005213587544858456,89
1,473,0.005197377409785986,89
1,474,0.0051978821866214275,89
1,475,0.00518463971093297,89
1,476,0.0051809209398925304,89
1,477,0.0051732053980231285,89
1,478,0.005154820624738932,89
1,479,0.005153553560376167,89
1,480,0.005143234971910715,89
1,481,0.005140854045748711,89
1,482,0.0051269386895000935,89
1,483,0.005116754677146673,89
1,484,0.005114687141031027,89
1,485,0.005112010054290295,89
1,486,0.005104574840515852,89
1,487,0.005100839771330357,89
1,488,0.005094978027045727,89
1,489,0.005087495781481266,89
1,490,0.0050854249857366085,89
1,491,0.005084919277578592,89
1,492,0.0050782812759280205,89
1,493,0.005076657980680466,89
1,494,0.005071935243904591,89
1,495,0.005070636980235577,89
1,496,0.005068312399089336,89
1,497,0.005065845791250467,89
1,498,0.0050637503154575825,89
1,499,0.005062534008175135,89
1,500,0.005062309559434652,89
1,501,0.005061705596745014,89
1,502,0.005060945171862841,89
1,503,0.005060412455350161,89
1,504,0.005060600116848946,89
1,505,0.005060969851911068,89
1,506,0.005061678122729063,89
1,507,0.005062672309577465,89
1,508,0.005063813179731369,89
1,509,0.005065243691205978,89
1,510,0.005066917277872562,89
1,511,0.005068822763860226,89
2,0,0.0,47
2,1,9.783982022781856e-06,47
2,2,2.0225705156917684e-05,47
2,3,3.0097586204647087e-05,47
2,4,4.0470338717568666e-05,47
2,5,5.072573549114168e-05,47
2,6,6.045904228813015e-05,47
2,7,7.035445014480501e-05,47
2,8,8.064311987254769e-05,47
2,9,9.050199150806293e-05,47
2,10,0.00010104069951921701,47
2,11,0.00011229731899220496,47
2,12,0.00012395407247822732,47
2,13,0.0001330812810920179,47
2,14,0.00014255188580136746,47
2,15,0.00015333323972299695,47
2,16,0.00016407115617766976,47
2,17,0.0001789339876268059,47
2,18,0.00018756647477857769,47
2,19,0.00019954501476604491,47
2,20,0.00021183601347729564,47
2,21,0.00021795924112666398,47
2,22,0.00022868195082992315,47
2,23,0.00024002467398531735,47
2,24,0.00025601667584851384,47
2,25,0.000276085251243785,47
2,26,0.0002859820961020887,47
2,27,0.00030464198789559305,47
2,28,0.00030356887145899236,47
2,29,0.0003132735437247902,47
2,30,0.0003283362020738423,47
2,31,0.0003407189797144383,47
2,32,0.0003549960383679718,47
2,33,0.00036872841883450747,47
2,34,0.00037012246320955455,47
2,35,0.00037689381861127913,47
2,36,0.00039789534639567137,47
2,37,0.00043195069883950055,47
2,38,0.0004401224432513118,47
2,39,0.0004416777810547501,47
2,40,0.00044886270188726485,47
2,41,0.00045910495100542903,47
2,42,0.0004609085444826633,47
2,43,0.00046964979264885187,47
2,44,0.0004883651854470372,47
2,45,0.0005186159978620708,47
2,46,0.0005475691286846995,47
2,47,0.0005402645911090076,47
2,48,0.0005719581968151033,47
2,49,0.0005760177737101912,47
2,50,0.0005903368582949042,47
2,51,0.0006053588003851473,47
2,52,0.000610872870311141,47
2,53,0.0006573149003088474,47
2,54,0.0006514976848848164,47
2,55,0.0006483708857558668,47
2,56,0.0006548917153850198,47
2,57,0.0006634069141000509,47
2,58,0.0006929373485036194,47
2,59,0.00072579609695822,47
2,60,0.0007289175991900265,47
2,61,0.0007485374226234853,47
2,62,0.0007762336172163486,47
2,63,0.0007605163264088333,47
2,64,0.0008118001278489828,47
2,65,0.0008499809191562235,47
2,66,0.0009191580465994775,47
2,67,0.0009151074918918312,47
2,68,0.0008574892999604344,47
2,69,0.0008693367126397789,47
2,70,0.0009100597235374153,47
2,71,0.0009123898926191032,47
2,72,0.000915668613743037,47
2,73,0.0009115476859733462,47
2,74,0.0009061166783794761,47
2,75,0.0009433075902052224,47
2,76,0.001004289137199521,47
2,77,0.0010763162281364202,47
2,78,0.0010842726333066821,47
2,79,0.0010609801393002272,47
2,80,0.001090707490220666,47
2,81,0.001124466536566615,47
2,82,0.0011160706635564566,47
2,83,0.0011019078083336353,47
2,84,0.0011362683726474643,47
2,85,0.0011838830541819334,47
2,86,0.0011826591799035668,47
2,87,0.0012513927649706602,47
2,88,0.001205779262818396,47
2,89,0.0012069199001416564,47
2,90,0.0012224521487951279,47
2,91,0.0013070212444290519,47
2,92,0.0013648670865222812,47
2,93,0.0014232624089345336,47
2,94,0.0014491317560896277,47
2,95,0.0014756328891962767,47
2,96,0.0014926801668480039,47
2,97,0.0015289654256775975,47
2,98,0.001527045969851315,47
2,99,0.0015182088827714324,47
2,100,0.001604444463737309,47
2,101,0.0015968665247783065,47
2,102,0.0015368598978966475,47
2,103,0.0015507193747907877,47
2,104,0.001569609623402357,47
2,105,0.0016135403420776129,47
2,106,0.0016841139877215028,47
2,107,0.0017102384008467197,47
2,108,0.0016450114781036973,47
2,109,0.0016613428015261889,47
2,110,0.0017760985065251589,47
2,111,0.0017839598003774881,47
2,112,0.0017551451455801725,47
2,113,0.0018431544303894043,47
2,114,0.001911618048325181,47
2,115,0.0019454439170658588,47
2,116,0.0019788702484220266,47
2,117,0.0019350199727341533,47
2,118,0.0019493714207783341,47
2,119,0.0020207464694976807,47
2,120,0.0020065053831785917,47
2,121,0.0019921388011425734,47
2,122,0.00205035787075758,47
2,123,0.002171714324504137,47
2,124,0.002301926491782069,47
2,125,0.002378215081989765,47
2,126,0.0023155799135565758,47
2,127,0.002208003541454673,47
2,128,0.0022095576860010624,47
2,129,0.0023142907302826643,47
2,130,0.0024029002524912357,47
2,131,0.002468276768922806,47
2,132,0.0025288613978773355,47
2,133,0.0024840841069817543,47
2,134,0.002471885411068797,47
2,135,0.0025734317023307085,47
2,136,0.0025942744687199593,47
2,137,0.002542279427871108,47
2,138,0.0025645955465734005,47
2,139,0.002702496014535427,47
2,140,0.002790706465020776,47
2,141,0.002849910408258438,47
2,142,0.0029738431330770254,47
2,143,0.0029343573842197657,47
2,144,0.0028721869457513094,47
2,145,0.002945423824712634,47
2,146,0.003037292044609785,47
2,147,0.0030904614832252264,47
2,148,0.003053560620173812,47
2,149,0.0029804599471390247,47
2,150,0.0030031618662178516,47
2,151,0.003114371094852686,47
2,152,0.003244905499741435,47
2,153,0.0033195216674357653,47
2,154,0.0032753171399235725,47
2,155,0.003283078083768487,47
2,156,0.0033628849778324366,47
2,157,0.0034353563096374273,47
2,158,0.0034682550467550755,47
2,159,0.003537348471581936,47
2,160,0.003640740877017379,47
2,161,0.00378783093765378,47
2,162,0.003846656298264861,47
2,163,0.0037885860074311495,47
2,164,0.0037667725700885057,47
2,165,0.0038603367283940315,47
2,166,0.003983498550951481,47
2,167,0.0039474135264754295,47
2,168,0.003933722153306007,47
2,169,0.00405860785394907,47
2,170,0.004248219542205334,47
2,171,0.0044960505329072475,47
2,172,0.004490647464990616,47
2,173,0.004300322383642197,47
2,174,0.004433108493685722,47
2,175,0.0046682157553732395,47
2,176,0.004531893879175186,47
2,177,0.004588231444358826,47
2,178,0.004855833947658539,47
2,179,0.0050891488790512085,47
2,180,0.005227023735642433,47
2,181,0.005345633719116449,47
2,182,0.005546647123992443,47
2,183,0.00574829988181591,47
2,184,0.0058152624405920506,47
2,185,0.005992749705910683,47
2,186,0.0064830356277525425,47
2,187,0.007037358824163675,47
2,188,0.0073960623703897,47
2,189,0.00785889383405447,47
2,190,0.008573181927204132,47
2,191,0.009268732741475105,47
2,192,0.00997324287891388,47
2,193,0.010876248590648174,47
2,194,0.012064489535987377,47
2,195,0.013594226911664009,47
2,196,0.015099853277206421,47
2,197,0.016392843797802925,47
2,198,0.018045345321297646,47
2,199,0.020285967737436295,47
2,200,0.02264397218823433,47
2,201,0.02502698451280594,47
2,202,0.028070995584130287,47
2,203,0.031861573457717896,47
2,204,0.03603356331586838,47
2,205,0.04050185903906822,47
2,206,0.04575067758560181,47
2,207,0.051342979073524475,47
2,208,0.057139765471220016,47
2,209,0.06411242485046387,47
2,210,0.0721631646156311,47
2,211,0.0811283141374588,47
2,212,0.0910988599061966,47
2,213,0.10201922059059143,47
2,214,0.11363841593265533,47
2,215,0.12615731358528137,47
2,216,0.14037935435771942,47
2,217,0.15503177046775818,47
2,218,0.1710834801197052,47
2,219,0.18892110884189606,47
2,220,0.208454430103302,47
2,221,0.22904156148433685,47
2,222,0.25083374977111816,47
2,223,0.2741939127445221,47
2,224,0.29831570386886597,47
2,225,0.32444092631340027,47
2,226,0.3509766757488251,47
2,227,0.37902510166168213,47
2,228,0.41008999943733215,47
2,229,0.44112417101860046,47
2,230,0.4734555780887604,47
2,231,0.5054821968078613,47
2,232,0.5391039252281189,47
2,233,0.5704091191291809,47
2,234,0.6018058657646179,47
2,235,0.6412553787231445,47
2,236,0.6748258471488953,47
2,237,0.7045588493347168,47
2,238,0.7332320213317871,47
2,239,0.7622271180152893,47
2,240,0.8024449348449707,47
2,241,0.8256446719169617,47
2,242,0.8503884077072144,47
2,243,0.8819333910942078,47
2,244,0.8946613669395447,47
2,245,0.9265692234039307,47
2,246,0.9414629340171814,47
2,247,0.9464325904846191,47
2,248,0.9803158640861511,47
2,249,0.9699121117591858,47
2,250,0.9778314232826233,47
2,251,1.0,47
2,252,0.9702154397964478,47
2,253,0.9888813495635986,47
2,254,0.9959797859191895,47
2,255,0.9594471454620361,47
2,256,0.9810906648635864,47
2,257,0.9704495072364807,47
2,258,0.9350219368934631,47
2,259,0.9526437520980835,47
2,260,0.9333438873291016,47
2,261,0.9049522280693054,47
2,262,0.9007914662361145,47
2,263,0.8780678510665894,47
2,264,0.8626776933670044,47
2,265,0.8385464549064636,47
2,266,0.8067644834518433,47
2,267,0.8102718591690063,47
2,268,0.7872488498687744,47
2,269,0.7208685278892517,47
2,270,0.7163689136505127,47
2,271,0.7425286769866943,47
2,272,0.6684224605560303,47
2,273,0.595808744430542,47
2,274,0.6369308829307556,47
2,275,0.6468101143836975,47
2,276,0.5465980172157288,47
2,277,0.48129236698150635,47
2,278,0.5358850955963135,47
2,279,0.5489232540130615,47
2,280,0.4515942633152008,47
2,281,0.3731372356414795,47
2,282,0.4066562056541443,47
2,283,0.44498875737190247,47
2,284,0.39736631512641907,47
2,285,0.3096974194049835,47
2,286,0.2766324579715729,47
2,287,0.30474409461021423,47
2,288,0.3228602707386017,47
2,289,0.29074230790138245,47
2,290,0.23181511461734772,47
2,291,0.19722671806812286,47
2,292,0.19627071917057037,47
2,293,0.2037055343389511,47
2,294,0.20021510124206543,47
2,295,0.18105928599834442,47
2,296,0.15462878346443176,47
2,297,0.13307218253612518,47
2,298,0.12063354253768921,47
2,299,0.11622905731201172,47
2,300,0.1126674935221672,47
2,301,0.10366346687078476,47
2,302,0.09131768345832825,47
2,303,0.08146371692419052,47
2,304,0.07552962005138397,47
2,305,0.07154405862092972,47
2,306,0.06741844862699509,47
2,307,0.06217515468597412,47
2,308,0.05696362257003784,47
2,309,0.05273127928376198,47
2,310,0.04881054162979126,47
2,311,0.04451072961091995,47
2,312,0.03976896032691002,47
2,313,0.035370271652936935,47
2,314,0.03174125775694847,47
2,315,0.028848091140389442,47
2,316,0.02620973065495491,47
2,317,0.02392970584332943,47
2,318,0.022225383669137955,47
2,319,0.020851565524935722,47
2,320,0.019579129293560982,47
2,321,0.018491454422473907,47
2,322,0.017657514661550522,47
2,323,0.01697411574423313,47
2,324,0.01626942679286003,47
2,325,0.015476229600608349,47
2,326,0.014577756635844707,47
2,327,0.013716488145291805,47
2,328,0.013163664378225803,47
2,329,0.012844929471611977,47
2,330,0.012322445400059223,47
2,331,0.011806376278400421,47
2,332,0.01134109403938055,47
2,333,0.011087675578892231,47
2,334,0.011105631478130817,47
2,335,0.011047055013477802,47
2,336,0.010673590935766697,47
2,337,0.010253955610096455,47
2,338,0.010049624368548393,47
2,339,0.009919256903231144,47
2,340,0.009752611629664898,47
2,341,0.009632527828216553,47
2,342,0.009625776670873165,47
2,343,0.009610016830265522,47
2,344,0.009702241979539394,47
2,345,0.0096491239964962,47
2,346,0.00959262065589428,47
2,347,0.009597855620086193,47
2,348,0.009445893578231335,47
2,349,0.009375461377203465,47
2,350,0.009481364861130714,47
2,351,0.009425647556781769,47
2,352,0.009191031567752361,47
2,353,0.00908579770475626,47
2,354,0.009120650589466095,47
2,355,0.009089671075344086,47
2,356,0.008963793516159058,47
2,357,0.009026956744492054,47
2,358,0.00902737770229578,47
2,359,0.008908323012292385,47
2,360,0.00881633348762989,47
2,361,0.008791293948888779,47
2,362,0.008799493312835693,47
2,363,0.008874687366187572,47
2,364,0.008857598528265953,47
2,365,0.00879811029881239,47
2,366,0.008724715560674667,47
2,367,0.00874397624284029,47
2,368,0.008701695129275322,47
2,369,0.008580873720347881,47
2,370,0.008601012639701366,47
2,371,0.008497681468725204,47
2,372,0.008426356129348278,47
2,373,0.008399594575166702,47
2,374,0.008345776237547398,47
2,375,0.008286014199256897,47
2,376,0.008209560997784138,47
2,377,0.008127843029797077,47
2,378,0.008106840774416924,47
2,379,0.008067810907959938,47
2,380,0.008016557432711124,47
2,381,0.007997151464223862,47
2,382,0.00792098417878151,47
2,383,0.007850931026041508,47
2,384,0.007808035239577293,47
2,385,0.0077309622429311275,47
2,386,0.007701277732849121,47
2,387,0.007724061142653227,47
2,388,0.00774138979613781,47
2,389,0.0076505402103066444,47
2,390,0.0076283239759504795,47
2,391,0.007600506767630577,47
2,392,0.007524529006332159,47
2,393,0.007446330972015858,47
2,394,0.007358722388744354,47
2,395,0.007266094442456961,47
2,396,0.007250328082591295,47
2,397,0.0072584268637001514,47
2,398,0.007228665053844452,47
2,399,0.007221814710646868,47
2,400,0.007215587887912989,47
2,401,0.007099632173776627,47
2,402,0.006990768481045961,47
2,403,0.006930706091225147,47
2,404,0.00689501641318202,47
2,405,0.006903687492012978,47
2,406,0.006884160451591015,47
2,407,0.0068105971440672874,47
2,408,0.0067231133580207825,47
2,409,0.006691580172628164,47
2,410,0.00667851697653532,47
2,411,0.006623237393796444,47
2,412,0.006659397855401039,47
2,413,0.006647981237620115,47
2,414,0.006517238914966583,47
2,415,0.006454514805227518,47
2,416,0.006433501373976469,47
2,417,0.006402703933417797,47
2,418,0.006364449393004179,47
2,419,0.006339715793728828,47
2,420,0.006370518822222948,47
2,421,0.006365523207932711,47
2,422,0.006277019158005714,47
2,423,0.006216149311512709,47
2,424,0.006163161247968674,47
2,425,0.0060948338359594345,47
2,426,0.006067089736461639,47
2,427,0.0060928878374397755,47
2,428,0.006100893951952457,47
2,429,0.006043960340321064,47
2,430,0.0059716347604990005,47
2,431,0.005927934776991606,47
2,432,0.005882451310753822,47
2,433,0.005867174826562405,47
2,434,0.005833148490637541,47
2,435,0.005800352897495031,47
2,436,0.005796541925519705,47
2,437,0.0057989549823105335,47
2,438,0.005747362971305847,47
2,439,0.005700922105461359,47
2,440,0.005681896582245827,47
2,441,0.005663366988301277,47
2,442,0.00564750749617815,47
2,443,0.0056442865170538425,47
2,444,0.005626403260976076,47
2,445,0.005583654157817364,47
2,446,0.005542744882404804,47
2,447,0.005526838358491659,47
2,448,0.005534549243748188,47
2,449,0.005491309799253941,47
2,450,0.005478925537317991,47
2,451,0.005443403962999582,47
2,452,0.005414362996816635,47
2,453,0.005397798493504524,47
2,454,0.005365772172808647,47
2,455,0.00535838445648551,47
2,456,0.005344934295862913,47
2,457,0.005336165893822908,47
2,458,0.005320262163877487,47
2,459,0.0052983881905674934,47
2,460,0.00527649512514472,47
2,461,0.005256947595626116,47
2,462,0.0052603017538785934,47
2,463,0.005249027628451586,47
2,464,0.005213950295001268,47
2,465,0.0052053555846214294,47
2,466,0.0052007767371833324,47
2,467,0.005191750358790159,47
2,468,0.005177092272788286,47
2,469,0.005157525651156902,47
2,470,0.0051509602926671505,47
2,471,0.005132266320288181,47
2,472,0.005126199219375849,47
2,473,0.00512296287342906,47
2,474,0.0051076593808829784,47
2,475,0.0051000057719647884,47
2,476,0.005083835683763027,47
2,477,0.005075655411928892,47
2,478,0.005068563856184483,47
2,479,0.005064359866082668,47
2,480,0.00505902711302042,47
2,481,0.005052631255239248,47
2,482,0.005042686127126217,47
2,483,0.00504011707380414,47
2,484,0.0050366949290037155,47
2,485,0.0050252401269972324,47
2,486,0.005017213057726622,47
2,487,0.005015815608203411,47
2,488,0.005011371336877346,47
2,489,0.005003391765058041,47
2,490,0.004998814780265093,47
2,491,0.004995918367058039,47
2,492,0.004992049187421799,47
2,493,0.0049871657975018024,47
2,494,0.004984029568731785,47
2,495,0.004982827231287956,47
2,496,0.004980392288416624,47
2,497,0.004977899137884378,47
2,498,0.004976081661880016,47
2,499,0.004975187126547098,47
2,500,0.004975189920514822,47
2,501,0.004974581301212311,47
2,502,0.004973750561475754,47
2,503,0.0049737244844436646,47
2,504,0.004973953124135733,47
2,505,0.004974301904439926,47
2,506,0.004975051153451204,47
2,507,0.004976077936589718,47
2,508,0.004977293778210878,47
2,509,0.004978781566023827,47
2,510,0.004980452358722687,47
2,511,0.004982339218258858,47
3,0,0.0,119
3,1,9.699600013846066e-06,119
3,2,1.9417924704612233e-05,119
3,3,2.916350968007464e-05,119
3,4,3.896143607562408e-05,119
3,5,4.876637103734538e-05,119
3,6,5.858558142790571e-05,119
3,7,6.845157622592524e-05,119
3,8,7.873019058024511e-05,119
3,9,8.869510929798707e-05,119
3,10,9.891246008919552e-05,119
3,11,0.00010875344014493749,119
3,12,0.00011891762551385909,119
3,13,0.00012971302203368396,119
3,14,0.00013987300917506218,119
3,15,0.00015196359890978783,119
3,16,0.00016182717808987945,119
3,17,0.00017200167349074036,119
3,18,0.00018538029689807445,119
3,19,0.00019557613995857537,119
3,20,0.00020444787514861673,119
3,21,0.00021809281315654516,119
3,22,0.0002299900952493772,119
3,23,0.00023955693177413195,119
3,24,0.00024502884480170906,119
3,25,0.0002568316413089633,119
3,26,0.0002728452964220196,119
3,27,0.0002818404173012823,119
3,28,0.00029220024589449167,119
3,29,0.00030322466045618057,119
3,30,0.0003160053165629506,119
3,31,0.0003251309972256422,119
3,32,0.00034131118445657194,119
3,33,0.0003522357146721333,119
3,34,0.0003639078640844673,119
3,35,0.0003745487192645669,119
3,36,0.00039080216083675623,119
3,37,0.0004039907071273774,119
3,38,0.00041065155528485775,119
3,39,0.00042175434646196663,119
3,40,0.00043576350435614586,119
3,41,0.00045089342165738344,119
3,42,0.0004706045729108155,119
3,43,0.00046824722085148096,119
3,44,0.0004833014390897006,119
3,45,0.0004948363057337701,119
3,46,0.0005164006724953651,119
3,47,0.0005224417545832694,119
3,48,0.0005275086150504649,119
3,49,0.0005380549118854105,119
3,50,0.0005502176936715841,119
3,51,0.0005695638246834278,119
3,52,0.0005827171262353659,119
3,53,0.0005917056696489453,119
3,54,0.0006190178683027625,119
3,55,0.000643277307972312,119
3,56,0.0006434639217332006,119
3,57,0.0006526000215671957,119
3,58,0.0006874179816804826,119
3,59,0.0007169948075897992,119
3,60,0.000714703113771975,119
3,61,0.0007093638414517045,119
3,62,0.0007349819061346352,119
3,63,0.0007731876685284078,119
3,64,0.0007857991149649024,119
3,65,0.0007921148790046573,119
3,66,0.0007968078134581447,119
3,67,0.0007913578883744776,119
3,68,0.0008189498330466449,119
3,69,0.0008520570700056851,119
3,70,0.0008726716041564941,119
3,71,0.000895556528121233,119
3,72,0.000897166202776134,119
3,73,0.000911964219994843,119
3,74,0.0009303645929321647,119
3,75,0.0009812209755182266,119
3,76,0.0010040132328867912,119
3,77,0.0009988773381337523,119
3,78,0.000985311227850616,119
3,79,0.0010137776844203472,119
3,80,0.0010500167263671756,119
3,81,0.0010798301082104445,119
3,82,0.0010776070412248373,119
3,83,0.0010730732465162873,119
3,84,0.0010845636716112494,119
3,85,0.0011438780929893255,119
3,86,0.0011941229458898306,119
3,87,0.0012015218380838633,119
3,88,0.001251515932381153,119
3,89,0.0012791429180651903,119
3,90,0.001228592824190855,119
3,91,0.0012228924315422773,119
3,92,0.0012955648126080632,119
3,93,0.0013624693965539336,119
3,94,0.001376751926727593,119
3,95,0.0013684146106243134,119
3,96,0.0013893351424485445,119
3,97,0.0014471717877313495,119
3,98,0.0014742553466930985,119
3,99,0.0014672103570774198,119
3,100,0.001455249497666955,119
3,101,0.0014852853491902351,119
3,102,0.0014953830977901816,119
3,103,0.0015334822237491608,119
3,104,0.0015968512743711472,119
3,105,0.0016064669471234083,119
3,106,0.0015970650129020214,119
3,107,0.0016299813287332654,119
3,108,0.00170633546076715,119
3,109,0.001842931960709393,119
3,110,0.0018018942791968584,119
3,111,0.001733023440465331,119
3,112,0.0018113835249096155,119
3,113,0.0019049379043281078,119
3,114,0.0019785254262387753,119
3,115,0.001977673266083002,119
3,116,0.0018810550682246685,119
3,117,0.001913807587698102,119
3,118,0.001976358937099576,119
3,119,0.0019308861810714006,119
3,120,0.001965800067409873,119
3,121,0.0020615544635802507,119
3,122,0.0021633824799209833,119
3,123,0.002189513761550188,119
3,124,0.0021122826728969812,119
3,125,0.002196147106587887,119
3,126,0.002271963283419609,119
3,127,0.0022225480061024427,119
3,128,0.0022622086107730865,119
3,129,0.0022670861799269915,119
3,130,0.002348044654354453,119
3,131,0.002492702566087246,119
3,132,0.0024759601801633835,119
3,133,0.0024902536533772945,119
3,134,0.0025891077239066362,119
3,135,0.0026257019490003586,119
3,136,0.002636036602780223,119
3,137,0.0026265752967447042,119
3,138,0.0026854947209358215,119
3,139,0.002622883766889572,119
3,140,0.00263088452629745,119
3,141,0.002669605193659663,119
3,142,0.0027177156880497932,119
3,143,0.0027823892887681723,119
3,144,0.0027472451329231262,119
3,145,0.0029125395230948925,119
3,146,0.0030223261564970016,119
3,147,0.00297827017493546,119
3,148,0.003066600300371647,119
3,149,0.003193258075043559,119
3,150,0.003152999095618725,119
3,151,0.003092288039624691,119
3,152,0.0031707673333585262,119
3,153,0.0032869642600417137,119
3,154,0.0034416269045323133,119
3,155,0.003372426610440016,119
3,156,0.003554337192326784,119
3,157,0.003660359187051654,119
3,158,0.003549214918166399,119
3,159,0.0035492554306983948,119
3,160,0.0037393660750240088,119
3,161,0.0038414609152823687,119
3,162,0.0037707954179495573,119
3,163,0.00374065013602376,119
3,164,0.0037598328199237585,119
3,165,0.0037286109291017056,119
3,166,0.003730583004653454,119
3,167,0.003744630143046379,119
3,168,0.0039038164541125298,119
3,169,0.004106584005057812,119
3,170,0.0041805654764175415,119
3,171,0.004221622366458178,119
3,172,0.0042667328380048275,119
3,173,0.004230125341564417,119
3,174,0.004278272856026888,119
3,175,0.004351623822003603,119
3,176,0.004439515061676502,119
3,177,0.004570471588522196,119
3,178,0.004697984084486961,119
3,179,0.0048862118273973465,119
3,180,0.004865685477852821,119
3,181,0.004843000788241625,119
3,182,0.005092192441225052,119
3,183,0.005269688554108143,119
3,184,0.005540955346077681,119
3,185,0.005688878707587719,119
3,186,0.005805075168609619,119
3,187,0.0060318526811897755,119
3,188,0.006283605471253395,119
3,189,0.006611404940485954,119
3,190,0.0071069891564548016,119
3,191,0.007793222554028034,119
3,192,0.00857280008494854,119
3,193,0.009311805479228497,119
3,194,0.009978909976780415,119
3,195,0.010502688586711884,119
3,196,0.011427683755755424,119
3,197,0.012902927584946156,119
3,198,0.014314373955130577,119
3,199,0.015820106491446495,119
3,200,0.017864493653178215,119
3,201,0.020030807703733444,119
3,202,0.02239581011235714,119
3,203,0.0252214428037405,119
3,204,0.02845156379044056,119
3,205,0.03202572837471962,119
3,206,0.03603139519691467,119
3,207,0.04071967676281929,119
3,208,0.04582584276795387,119
3,209,0.051346343010663986,119
3,210,0.058012306690216064,119
3,211,0.06562434881925583,119
3,212,0.07406589388847351,119
3,213,0.08367473632097244,119
3,214,0.09414789080619812,119
3,215,0.1052018478512764,119
3,216,0.11763090640306473,119
3,217,0.1308753937482834,119
3,218,0.14543257653713226,119
3,219,0.16171211004257202,119
3,220,0.17946811020374298,119
3,221,0.1988116204738617,119
3,222,0.21928592026233673,119
3,223,0.24112597107887268,119
3,224,0.26477286219596863,119
3,225,0.28967228531837463,119
3,226,0.31623759865760803,119
3,227,0.34398651123046875,119
3,228,0.37402743101119995,119
3,229,0.4057573676109314,119
3,230,0.4380553960800171,119
3,231,0.4717923402786255,119
3,232,0.5069131255149841,119
3,233,0.5397847890853882,119
3,234,0.5717504620552063,119
3,235,0.6086868643760681,119
3,236,0.6474068760871887,119
3,237,0.6806895732879639,119
3,238,0.7109948396682739,119
3,239,0.7421923279762268,119
3,240,0.7796241641044617,119
3,241,0.8104457259178162,119
3,242,0.8369193077087402,119
3,243,0.8685442209243774,119
3,244,0.8904938697814941,119
3,245,0.91698157787323,119
3,246,0.9374443888664246,119
3,247,0.9486379027366638,119
3,248,0.9755509495735168,119
3,249,0.977154016494751,119
3,250,0.9821035861968994,119
3,251,1.0,119
3,252,0.98236483335495,119
3,253,0.989856481552124,119
3,254,0.999119222164154,119
3,255,0.9712870121002197,119
3,256,0.9797099828720093,119
3,257,0.9746300578117371,119
3,258,0.9463836550712585,119
3,259,0.9502280950546265,119
3,260,0.9360114336013794,119
3,261,0.9126424789428711,119
3,262,0.895380437374115,119
3,263,0.8761604428291321,119
3,264,0.8617874979972839,119
3,265,0.8321828842163086,119
3,266,0.8069519996643066,119
3,267,0.8014483451843262,119
3,268,0.7653571963310242,119
3,269,0.7182762026786804,119
3,270,0.7189932465553284,119
3,271,0.7067229151725769,119
3,272,0.6364781260490417,119
3,273,0.6070986390113831,119
3,274,0.6287893056869507,119
3,275,0.5902510285377502,119
3,276,0.5100146532058716,119
3,277,0.49797067046165466,119
3,278,0.5271427631378174,119
3,279,0.4852384328842163,119
3,280,0.40005767345428467,119
3,281,0.3802909255027771,119
3,282,0.4128687381744385,119
3,283,0.40003615617752075,119
3,284,0.330358624458313,119
3,285,0.2765600085258484,119
3,286,0.27924737334251404,119
3,287,0.3005727231502533,119
3,288,0.286636620759964,119
3,289,0.23631872236728668,119
3,290,0.19395235180854797,119
3,291,0.18247781693935394,119
3,292,0.18566277623176575,119
3,293,0.18515542149543762,119
3,294,0.1726762056350708,119
3,295,0.1497914344072342,119
3,296,0.1259237825870514,119
3,297,0.1117696687579155,119
3,298,0.10555052757263184,119
3,299,0.10116380453109741,119
3,300,0.09363900125026703,119
3,301,0.08354831486940384,119
3,302,0.07466485351324081,119
3,303,0.06862019002437592,119
3,304,0.0643068253993988,119
3,305,0.059951409697532654,119
3,306,0.05474640429019928,119
3,307,0.04940354824066162,119
3,308,0.044980138540267944,119
3,309,0.041535913944244385,119
3,310,0.038149137049913406,119
3,311,0.03432878851890564,119
3,312,0.030454272404313087,119
3,313,0.027267085388302803,119
3,314,0.024676848202943802,119
3,315,0.022591622546315193,119
3,316,0.021061331033706665,119
3,317,0.019876545295119286,119
3,318,0.01855798065662384,119
3,319,0.0172100979834795,119
3,320,0.016445893794298172,119
3,321,0.01602538488805294,119
3,322,0.01525050587952137,119
3,323,0.014389893040060997,119
3,324,0.013822879642248154,119
3,325,0.01322857290506363,119
3,326,0.012474837712943554,119
3,327,0.01192058902233839,119
3,328,0.011818088591098785,119
3,329,0.011613941751420498,119
3,330,0.011095687747001648,119
3,331,0.010801088064908981,119
3,332,0.010652340948581696,119
3,333,0.010324221104383469,119
3,334,0.010090081952512264,119
3,335,0.010142154060304165,119
3,336,0.009950094856321812,119
3,337,0.00978731457144022,119
3,338,0.009993378072977066,119
3,339,0.010064716450870037,119
3,340,0.009716028347611427,119
3,341,0.009484888054430485,119
3,342,0.009424209594726562,119
3,343,0.009457225911319256,119
3,344,0.009468672797083855,119
3,345,0.009372076019644737,119
3,346,0.009329155087471008,119
3,347,0.009341463446617126,119
3,348,0.009286079555749893,119
3,349,0.00922516081482172,119
3,350,0.009166649542748928,119
3,351,0.009174310602247715,119
3,352,0.00916365534067154,119
3,353,0.009132369421422482,119
3,354,0.009106874465942383,119
3,355,0.009073356166481972,119
3,356,0.009074423462152481,119
3,357,0.009017727337777615,119
3,358,0.008860797621309757,119
3,359,0.008767985738813877,119
3,360,0.008762598969042301,119
3,361,0.008740514516830444,119
3,362,0.008826234377920628,119
3,363,0.0087236687541008,119
3,364,0.00863398052752018,119
3,365,0.008577801287174225,119
3,366,0.008529032580554485,119
3,367,0.00848438311368227,119
3,368,0.008468503132462502,119
3,369,0.008466740138828754,119
3,370,0.008439768105745316,119
3,371,0.00838064681738615,119
3,372,0.008308789692819118,119
3,373,0.008299370296299458,119
3,374,0.008369826711714268,119
3,375,0.008304938673973083,119
3,376,0.008197921328246593,119
3,377,0.008143898099660873,119
3,378,0.008105133660137653,119
3,379,0.00802761223167181,119
3,380,0.007950140163302422,119
3,381,0.007896908558905125,119
3,382,0.00787466112524271,119
3,383,0.007781521417200565,119
3,384,0.007636302150785923,119
3,385,0.007606817409396172,119
3,386,0.007579019293189049,119
3,387,0.0075489128939807415,119
3,388,0.007561912760138512,119
3,389,0.007530393544584513,119
3,390,0.0074660638347268105,119
3,391,0.007439133711159229,119
3,392,0.007376415655016899,119
3,393,0.007339089177548885,119
3,394,0.007329556625336409,119
3,395,0.007303168065845966,119
3,396,0.0072082835249602795,119
3,397,0.007196274120360613,119
3,398,0.007112774532288313,119
3,399,0.007086977828294039,119
3,400,0.00704758707433939,119
3,401,0.007023412734270096,119
3,402,0.006995093543082476,119
3,403,0.006928269751369953,119
3,404,0.0068720243871212006,119
3,405,0.006843050476163626,119
3,406,0.006761940196156502,119
3,407,0.006764697842299938,119
3,408,0.0067133912816643715,119
3,409,0.006640505511313677,119
3,410,0.006608788389712572,119
3,411,0.006560731213539839,119
3,412,0.006505795754492283,119
3,413,0.006485227961093187,119
3,414,0.006443439982831478,119
3,415,0.006422682199627161,119
3,416,0.006392774637788534,119
3,417,0.006346528884023428,119
3,418,0.006304752081632614,119
3,419,0.00628490187227726,119
3,420,0.006244053598493338,119
3,421,0.006207393482327461,119
3,422,0.00618574395775795,119
3,423,0.00614531384781003,119
3,424,0.006157654337584972,119
3,425,0.0061318641528487206,119
3,426,0.00613254914060235,119
3,427,0.006085013505071402,119
3,428,0.005969356279820204,119
3,429,0.005928506143391132,119
3,430,0.005900132469832897,119
3,431,0.005873188842087984,119
3,432,0.005863811355084181,119
3,433,0.005864287260919809,119
3,434,0.005829988047480583,119
3,435,0.005764397792518139,119
3,436,0.0057255541905760765,119
3,437,0.005710097029805183,119
3,438,0.005689981859177351,119
3,439,0.005661375354975462,119
3,440,0.005647390149533749,119
3,441,0.005632401909679174,119
3,442,0.005605969578027725,119
3,443,0.005578021053224802,119
3,444,0.005565138068050146,119
3,445,0.005534377880394459,119
3,446,0.0055128708481788635,119
3,447,0.005486449226737022,119
3,448,0.005453211721032858,119
3,449,0.005444912239909172,119
3,450,0.005435572005808353,119
3,451,0.0054293530993163586,119
3,452,0.005385511089116335,119
3,453,0.005353430286049843,119
3,454,0.005347908474504948,119
3,455,0.005329931154847145,119
3,456,0.005318252369761467,119
3,457,0.0052923718467354774,119
3,458,0.005262353923171759,119
3,459,0.005254883319139481,119
3,460,0.005249629728496075,119
3,461,0.005233408883213997,119
3,462,0.0052256290800869465,119
3,463,0.005193021614104509,119
3,464,0.005189487244933844,119
3,465,0.00517458887770772,119
3,466,0.005150890909135342,119
3,467,0.0051382058300077915,119
3,468,0.005124133080244064,119
3,469,0.005116494372487068,119
3,470,0.005104271695017815,119
3,471,0.005094416439533234,119
3,472,0.005087730474770069,119
3,473,0.005078098736703396,119
3,474,0.005070238374173641,119
3,475,0.0050619360990822315,119
3,476,0.005048663355410099,119
3,477,0.005032763816416264,119
3,478,0.005022856406867504,119
3,479,0.0050132726319134235,119
3,480,0.005008469335734844,119
3,481,0.005000438075512648,119
3,482,0.004997726995497942,119
3,483,0.004996143747121096,119
3,484,0.004988239612430334,119
3,485,0.004978079814463854,119
3,486,0.004971169400960207,119
3,487,0.0049679698422551155,119
3,488,0.004963399842381477,119
3,489,0.004959003534168005,119
3,490,0.004955839365720749,119
3,491,0.004952300805598497,119
3,492,0.0049484604969620705,119
3,493,0.004945151973515749,119
3,494,0.004943386651575565,119
3,495,0.004941330291330814,119
3,496,0.004939658101648092,119
3,497,0.004937808029353619,119
3,498,0.0049361237324774265,119
3,499,0.004935020115226507,119
3,500,0.00493441941216588,119
3,501,0.004934011958539486,119
3,502,0.0049338024109601974,119
3,503,0.004933943971991539,119
3,504,0.004934267606586218,119
3,505,0.004934858996421099,119
3,506,0.004935615696012974,119
3,507,0.0049366275779902935,119
3,508,0.0049378774128854275,119
3,509,0.004939346574246883,119
3,510,0.004941032268106937,119
3,511,0.004942921455949545,119
4,0,0.0,1
4,1,9.810913070396055e-06,1
4,2,1.9639763195300475e-05,1
4,3,2.9505652491934597e-05,1
4,4,3.949171514250338e-05,1
4,5,4.9542297347215936e-05,1
4,6,5.9691195929190144e-05,1
4,7,6.949025555513799e-05,1
4,8,7.985479896888137e-05,1
4,9,8.995116513688117e-05,1
4,10,0.00010044930240837857,1
4,11,0.00011067093146266416,1
4,12,0.00012053940008627251,1
4,13,0.00013105760444886982,1
4,14,0.00014177948469296098,1
4,15,0.0001530681474832818,1
4,16,0.00016363892063964158,1
4,17,0.00017418147763237357,1
4,18,0.00018328434089198709,1
4,19,0.00019352705567143857,1
4,20,0.00020480829698499292,1
4,21,0.00021619888138957322,1
4,22,0.00022929903934709728,1
4,23,0.00024070325889624655,1
4,24,0.0002524555893614888,1
4,25,0.00026470920420251787,1
4,26,0.0002758324262686074,1
4,27,0.0002828578290063888,1
4,28,0.000292673910735175,1
4,29,0.00030427469755522907,1
4,30,0.00032312775147147477,1
4,31,0.00033811843604780734,1
4,32,0.0003430028154980391,1
4,33,0.0003525879583321512,1
4,34,0.0003659568028524518,1
4,35,0.00037521313061006367,1
4,36,0.00039259070763364434,1
4,37,0.00040983123471960425,1
4,38,0.0004264455637894571,1
4,39,0.00043840997386723757,1
4,40,0.0004364049236755818,1
4,41,0.0004460394848138094,1
4,42,0.00046498613664880395,1
4,43,0.00047464753151871264,1
4,44,0.0004899685154668987,1
4,45,0.0005123773589730263,1
4,46,0.0005197285208851099,1
4,47,0.0005269882385618985,1
4,48,0.0005438982043415308,1
4,49,0.0005590482614934444,1
4,50,0.0005703319329768419,1
4,51,0.0005864667473360896,1
4,52,0.0006010322831571102,1
4,53,0.0006196584436111152,1
4,54,0.0006355580408126116,1
4,55,0.0006453922251239419,1
4,56,0.0006624037050642073,1
4,57,0.0006750902393832803,1
4,58,0.0006993500282987952,1
4,59,0.0007126978598535061,1
4,60,0.0007203265558928251,1
4,61,0.0007411908591166139,1
4,62,0.0007693030638620257,1
4,63,0.0007770623778924346,1
4,64,0.0007910506101325154,1
4,65,0.0007686099852435291,1
4,66,0.0007890211418271065,1
4,67,0.0008013593615032732,1
4,68,0.000822897651232779,1
4,69,0.0008721534395590425,1
4,70,0.0009277393110096455,1
4,71,0.0009127130615524948,1
4,72,0.0008864780538715422,1
4,73,0.0009243257227353752,1
4,74,0.0009574395371600986,1
4,75,0.000984050566330552,1
4,76,0.0009954185225069523,1
4,77,0.0009829549817368388,1
4,78,0.0009704476688057184,1
4,79,0.0009774514473974705,1
4,80,0.0010392520343884826,1
4,81,0.0010752773378044367,1
4,82,0.0010841888142749667,1
4,83,0.0011604129103943706,1
4,84,0.0011694366112351418,1
4,85,0.0011637560091912746,1
4,86,0.0011782307410612702,1
4,87,0.0011834283359348774,1
4,88,0.0012193863512948155,1
4,89,0.0011883795959874988,1
4,90,0.0012601756025105715,1
4,91,0.0012776711955666542,1
4,92,0.0012600821210071445,1
4,93,0.0013083210214972496,1
4,94,0.0014240914024412632,1
4,95,0.0014655916020274162,1
4,96,0.0013975856127217412,1
4,97,0.0013790401862934232,1
4,98,0.001373838516883552,1
4,99,0.0014263796620070934,1
4,100,0.00149000552482903,1
4,101,0.0015128912637010217,1
4,102,0.0015585491200909019,1
4,103,0.0015609317924827337,1
4,104,0.0015944248298183084,1
4,105,0.0015719300135970116,1
4,106,0.0016041600611060858,1
4,107,0.001648417441174388,1
4,108,0.0016760841244831681,1
4,109,0.0017462789546698332,1
4,110,0.0017405061516910791,1
4,111,0.0017519098473712802,1
4,112,0.0018072533421218395,1
4,113,0.001866173930466175,1
4,114,0.0018608344253152609,1
4,115,0.0018879814306274056,1
4,116,0.0020079684909433126,1
4,117,0.0020657298155128956,1
4,118,0.0020091489423066378,1
4,119,0.0020419682841748,1
4,120,0.0020346231758594513,1
4,121,0.0020257967989891768,1
4,122,0.002099097240716219,1
4,123,0.0021464056335389614,1
4,124,0.0021076183766126633,1
4,125,0.002110130386427045,1
4,126,0.002209745580330491,1
4,127,0.0023474209010601044,1
4,128,0.0023270652163773775,1
4,129,0.0023902319371700287,1
4,130,0.0023604698944836855,1
4,131,0.0023664876352995634,1
4,132,0.0024061452131718397,1
4,133,0.002515156054869294,1
4,134,0.002505545737221837,1
4,135,0.0025564285460859537,1
4,136,0.002540913410484791,1
4,137,0.002626472618430853,1
4,138,0.002643873682245612,1
4,139,0.0027332387398928404,1
4,140,0.002720111981034279,1
4,141,0.0026526283472776413,1
4,142,0.002761015435680747,1
4,143,0.0028957221657037735,1
4,144,0.002886391943320632,1
4,145,0.0028594390023499727,1
4,146,0.002916042460128665,1
4,147,0.0030091472435742617,1
4,148,0.0030722294468432665,1
4,149,0.0030717903282493353,1
4,150,0.003035919973626733,1
4,151,0.003093746490776539,1
4,152,0.003208188572898507,1
4,153,0.0032741990871727467,1
4,154,0.0032553670462220907,1
4,155,0.003233610885217786,1
4,156,0.0034359388519078493,1
4,157,0.00356243341229856,1
4,158,0.0036297680344432592,1
4,159,0.003718098159879446,1
4,160,0.003534377785399556,1
4,161,0.0038563094567507505,1
4,162,0.0037939075846225023,1
4,163,0.003846685169264674,1
4,164,0.003996257204562426,1
4,165,0.003920391201972961,1
4,166,0.0039347754791378975,1
4,167,0.003965966869145632,1
4,168,0.003987474367022514,1
4,169,0.004067910369485617,1
4,170,0.004111936781555414,1
4,171,0.00422478374093771,1
4,172,0.004429212771356106,1
4,173,0.004387339577078819,1
4,174,0.004445473663508892,1
4,175,0.004724014084786177,1
4,176,0.004922850057482719,1
4,177,0.004889638628810644,1
4,178,0.004843427333980799,1
4,179,0.005075039342045784,1
4,180,0.005398909095674753,1
4,181,0.00556574109941721,1
4,182,0.005692532751709223,1
4,183,0.006047401111572981,1
4,184,0.0064522926695644855,1
4,185,0.006840861402451992,1
4,186,0.007390965241938829,1
4,187,0.008054396137595177,1
4,188,0.008705705404281616,1
4,189,0.009264419786632061,1
4,190,0.009861643426120281,1
4,191,0.010681971907615662,1
4,192,0.011819862760603428,1
4,193,0.01304635964334011,1
4,194,0.014119729399681091,1
4,195,0.015377843752503395,1
4,196,0.017174843698740005,1
4,197,0.019111985340714455,1
4,198,0.020907433703541756,1
4,199,0.023111077025532722,1
4,200,0.026076899841427803,1
4,201,0.02913251705467701,1
4,202,0.03218775615096092,1
4,203,0.03560613840818405,1
4,204,0.03957129269838333,1
4,205,0.04371805489063263,1
4,206,0.04809810221195221,1
4,207,0.053365662693977356,1
4,208,0.05949195846915245,1
4,209,0.06583493202924728,1
4,210,0.07261201739311218,1
4,211,0.08048135042190552,1
4,212,0.088742695748806,1
4,213,0.09697458148002625,1
4,214,0.10615218430757523,1
4,215,0.11663919687271118,1
4,216,0.1282452493906021,1
4,217,0.1400441974401474,1
4,218,0.1527329832315445,1
4,219,0.16634564101696014,1
4,220,0.18091565370559692,1
4,221,0.19626089930534363,1
4,222,0.21214041113853455,1
4,223,0.2290624976158142,1
4,224,0.24682503938674927,1
4,225,0.2654356360435486,1
4,226,0.2851253151893616,1
4,227,0.30596819519996643,1
4,228,0.32753098011016846,1
4,229,0.3495759665966034,1
4,230,0.3727572560310364,1
4,231,0.3961836099624634,1
4,232,0.4217500388622284,1
4,233,0.44736093282699585,1
4,234,0.47261443734169006,1
4,235,0.49948686361312866,1
4,236,0.5262536406517029,1
4,237,0.5534848570823669,1
4,238,0.5797667503356934,1
4,239,0.6071752309799194,1
4,240,0.6375766396522522,1
4,241,0.661287784576416,1
4,242,0.6840581893920898,1
4,243,0.7098177075386047,1
4,244,0.7377712726593018,1
4,245,0.7675201296806335,1
4,246,0.7835255265235901,1
4,247,0.8050275444984436,1
4,248,0.8356885313987732,1
4,249,0.8504409790039062,1
4,250,0.8757098317146301,1
4,251,0.893777072429657,1
4,252,0.902049720287323,1
4,253,0.9300643801689148,1
4,254,0.9351591467857361,1
4,255,0.9382360577583313,1
4,256,0.9677698612213135,1
4,257,0.9580199718475342,1
4,258,0.9587752223014832,1
4,259,0.9915159940719604,1
4,260,0.9606923460960388,1
4,261,0.9573532938957214,1
4,262,1.0,1
4,263,0.9491873383522034,1
4,264,0.9377648234367371,1
4,265,0.9910440444946289,1
4,266,0.9225559830665588,1
4,267,0.8830933570861816,1
4,268,0.9532614350318909,1
4,269,0.8976714015007019,1
4,270,0.8001185655593872,1
4,271,0.8676988482475281,1
4,272,0.8681694269180298,1
4,273,0.7311152219772339,1
4,274,0.730361819267273,1
4,275,0.8019819855690002,1
4,276,0.7129490375518799,1
4,277,0.5967082381248474,1
4,278,0.6441536545753479,1
4,279,0.6722687482833862,1
4,280,0.5617350935935974,1
4,281,0.47920316457748413,1
4,282,0.5173815488815308,1
4,283,0.5285513401031494,1
4,284,0.44820135831832886,1
4,285,0.37263375520706177,1
4,286,0.3731831908226013,1
4,287,0.39012330770492554,1
4,288,0.3550068140029907,1
4,289,0.29407545924186707,1
4,290,0.2587778866291046,1
4,291,0.254943311214447,1
4,292,0.2505369186401367,1
4,293,0.22853729128837585,1
4,294,0.19788098335266113,1
4,295,0.17186692357063293,1
4,296,0.15703211724758148,1
4,297,0.14658650755882263,1
4,298,0.1328115463256836,1
4,299,0.12100394070148468,1
4,300,0.11184509843587875,1
4,301,0.09980844706296921,1
4,302,0.08719374984502792,1
4,303,0.07770531624555588,1
4,304,0.06873877346515656,1
4,305,0.059177231043577194,1
4,306,0.051625628024339676,1
4,307,0.04697192460298538,1
4,308,0.04398840665817261,1
4,309,0.04162128269672394,1
4,310,0.039138536900281906,1
4,311,0.03586352989077568,1
4,312,0.032073453068733215,1
4,313,0.02895762398838997,1
4,314,0.026110276579856873,1
4,315,0.023149287328124046,1
4,316,0.020568208768963814,1
4,317,0.0186318252235651,1
4,318,0.017136456444859505,1
4,319,0.01591496542096138,1
4,320,0.014889991842210293,1
4,321,0.01399068720638752,1
4,322,0.01324659027159214,1
4,323,0.012787568382918835,1
4,324,0.012440965510904789,1
4,325,0.011978872120380402,1
4,326,0.011497204191982746,1
4,327,0.011259057559072971,1
4,328,0.011315720155835152,1
4,329,0.011012940667569637,1
4,330,0.010562030598521233,1
4,331,0.01041428279131651,1
4,332,0.010324588045477867,1
4,333,0.010317911393940449,1
4,334,0.010280441492795944,1
4,335,0.009998944588005543,1
4,336,0.009820785373449326,1
4,337,0.00981036014854908,1
4,338,0.009877210482954979,1
4,339,0.00984637439250946,1
4,340,0.009779602289199829,1
4,341,0.009685970842838287,1
4,342,0.009568349458277225,1
4,343,0.009528598748147488,1
4,344,0.009539611637592316,1
4,345,0.009490054100751877,1
4,346,0.009504455141723156,1
4,347,0.009494397789239883,1
4,348,0.009518546052277088,1
4,349,0.009373252280056477,1
4,350,0.009282365441322327,1
4,351,0.00935203768312931,1
4,352,0.009436915628612041,1
4,353,0.009372048079967499,1
4,354,0.009213032200932503,1
4,355,0.009314936585724354,1
4,356,0.009395926259458065,1
4,357,0.009348686784505844,1
4,358,0.00899785291403532,1
4,359,0.00892762653529644,1
4,360,0.00892767496407032,1
4,361,0.008891858160495758,1
4,362,0.008885601535439491,1
4,363,0.00877067819237709,1
4,364,0.008714756928384304,1
4,365,0.008790905587375164,1
4,366,0.008692796342074871,1
4,367,0.00858108326792717,1
4,368,0.008661655709147453,1
4,369,0.00855079386383295,1
4,370,0.00850936584174633,1
4,371,0.008460262790322304,1
4,372,0.008405776694417,1
4,373,0.008281285874545574,1
4,374,0.008141021244227886,1
4,375,0.008144848980009556,1
4,376,0.008161031641066074,1
4,377,0.008099310100078583,1
4,378,0.008126974105834961,1
4,379,0.008141638711094856,1
4,380,0.008017142303287983,1
4,381,0.007947397418320179,1
4,382,0.007903455756604671,1
4,383,0.007875476963818073,1
4,384,0.007815453223884106,1
4,385,0.0077333636581897736,1
4,386,0.007715099491178989,1
4,387,0.0076913307420909405,1
4,388,0.007652925793081522,1
4,389,0.007662779651582241,1
4,390,0.007657828740775585,1
4,391,0.007532206829637289,1
4,392,0.007410594727844,1
4,393,0.007454996928572655,1
4,394,0.007449880708009005,1
4,395,0.00736758578568697,1
4,396,0.007237439975142479,1
4,397,0.007145705632865429,1
4,398,0.007150282617658377,1
4,399,0.007195580285042524,1
4,400,0.007118648383766413,1
4,401,0.0070162322372198105,1
4,402,0.006973723880946636,1
4,403,0.006926692556589842,1
4,404,0.006916354410350323,1
4,405,0.006872232537716627,1
4,406,0.006814683321863413,1
4,407,0.006786163430660963,1
4,408,0.006745960563421249,1
4,409,0.006714381743222475,1
4,410,0.006710063200443983,1
4,411,0.006687111221253872,1
4,412,0.006635722704231739,1
4,413,0.006600522436201572,1
4,414,0.0065836915746331215,1
4,415,0.006511185318231583,1
4,416,0.0064715794287621975,1
4,417,0.00649845227599144,1
4,418,0.0064887478947639465,1
4,419,0.006328543648123741,1
4,420,0.006277433130890131,1
4,421,0.006259817164391279,1
4,422,0.006250083912163973,1
4,423,0.006223869509994984,1
4,424,0.006237864028662443,1
4,425,0.006196730770170689,1
4,426,0.0061185965314507484,1
4,427,0.0060563297010958195,1
4,428,0.006060862448066473,1
4,429,0.0060262903571128845,1
4,430,0.005980342160910368,1
4,431,0.0059899636544287205,1
4,432,0.005945595446974039,1
4,433,0.005904420744627714,1
4,434,0.005874373484402895,1
4,435,0.005846597254276276,1
4,436,0.005850258283317089,1
4,437,0.005786290392279625,1
4,438,0.005746111273765564,1
4,439,0.005725961644202471,1
4,440,0.005726764909923077,1
4,441,0.005738707724958658,1
4,442,0.005670109763741493,1
4,443,0.0056368689984083176,1
4,444,0.005617545451968908,1
4,445,0.005572263617068529,1
4,446,0.00558888353407383,1
4,447,0.005566481035202742,1
4,448,0.005568698048591614,1
4,449,0.005515495780855417,1
4,450,0.005471065640449524,1
4,451,0.005505518056452274,1
4,452,0.005469362251460552,1
4,453,0.0054144179448485374,1
4,454,0.005385417956858873,1
4,455,0.005365297198295593,1
4,456,0.005344961304217577,1
4,457,0.005326610058546066,1
4,458,0.0053079198114573956,1
4,459,0.005293616093695164,1
4,460,0.005281106103211641,1
4,461,0.0052862162701785564,1
4,462,0.005262683145701885,1
4,463,0.005250958725810051,1
4,464,0.005245788022875786,1
4,465,0.005221307743340731,1
4,466,0.0052047171629965305,1
4,467,0.005188806913793087,1
4,468,0.005190597847104073,1
4,469,0.00517231272533536,1
4,470,0.005154914688318968,1
4,471,0.005141084548085928,1
4,472,0.0051285033114254475,1
4,473,0.005116317421197891,1
4,474,0.005106525029987097,1
4,475,0.0050971307791769505,1
4,476,0.005099128000438213,1
4,477,0.00510065071284771,1
4,478,0.005082132760435343,1
4,479,0.005068137310445309,1
4,480,0.005072706378996372,1
4,481,0.005074889399111271,1
4,482,0.005059408955276012,1
4,483,0.0050501227378845215,1
4,484,0.005044542718678713,1
4,485,0.005035484675318003,1
4,486,0.005026465747505426,1
4,487,0.0050192419439554214,1
4,488,0.005017251707613468,1
4,489,0.005012367852032185,1
4,490,0.005006436724215746,1
4,491,0.005002801306545734,1
4,492,0.0050008478574454784,1
4,493,0.004999435041099787,1
4,494,0.004994684364646673,1
4,495,0.004989932756870985,1
4,496,0.004987997468560934,1
4,497,0.004986846819519997,1
4,498,0.004984716884791851,1
4,499,0.004983953200280666,1
4,500,0.00498380558565259,1
4,501,0.004983365535736084,1
4,502,0.004981653299182653,1
4,503,0.004981223028153181,1
4,504,0.004981411155313253,1
4,505,0.004981899168342352,1
4,506,0.004982822109013796,1
4,507,0.00498356856405735,1
4,508,0.004984647035598755,1
4,509,0.004985733423382044,1
4,510,0.004987457301467657,1
4,511,0.004989322274923325,1
5,0,0.0,53
5,1,9.83226618700428e-06,53
5,2,1.9124368918710388e-05,53
5,3,2.8597023629117757e-05,53
5,4,3.9203903725137934e-05,53
5,5,5.085119846626185e-05,53
5,6,6.19004713371396e-05,53
5,7,7.118217763490975e-05,53
5,8,7.961755181895569e-05,53
5,9,9.030491492012516e-05,53
5,10,0.0001021528005367145,53
5,11,0.00011003937106579542,53
5,12,0.00011926575098186731,53
5,13,0.00013242817658465356,53
5,14,0.00014349289995152503,53
5,15,0.00015678633644711226,53
5,16,0.00016784979379735887,53
5,17,0.00017708052473608404,53
5,18,0.00018934570834971964,53
5,19,0.00020472182950470597,53
5,20,0.00021933048265054822,53
5,21,0.0002298555482411757,53
5,22,0.00023783296637702733,53
5,23,0.0002509384648874402,53
5,24,0.0002698708267416805,53
5,25,0.0002751313440967351,53
5,26,0.0002794955507852137,53
5,27,0.0002930624468717724,53
5,28,0.0003015039546880871,53
5,29,0.0003206245310138911,53
5,30,0.00033026887103915215,53
5,31,0.00033436150988563895,53
5,32,0.0003520612954162061,53
5,33,0.00036836002254858613,53
5,34,0.0003787578025367111,53
5,35,0.00039121985901147127,53
5,36,0.0003970857069361955,53
5,37,0.0004033294680994004,53
5,38,0.0004164139099884778,53
5,39,0.00043318336247466505,53
5,40,0.00046223285607993603,53
5,41,0.0004882749926764518,53
5,42,0.0004931946168653667,53
5,43,0.0004974426119588315,53
5,44,0.0005103647708892822,53
5,45,0.00051912508206442,53
5,46,0.0005156483966857195,53
5,47,0.0005161872250027955,53
5,48,0.0005372430896386504,53
5,49,0.0005496905650943518,53
5,50,0.0005716089508496225,53
5,51,0.0005989377968944609,53
5,52,0.0006241194205358624,53
5,53,0.0006248638965189457,53
5,54,0.0006398488767445087,53
5,55,0.0006637444603256881,53
5,56,0.0006769655738025904,53
5,57,0.0006805346347391605,53
5,58,0.0006997814052738249,53
5,59,0.0007102027302607894,53
5,60,0.0007211581105366349,53
5,61,0.0007354426197707653,53
5,62,0.0007954472675919533,53
5,63,0.0008100933628156781,53
5,64,0.0007856754818931222,53
5,65,0.0008029210148379207,53
5,66,0.0008415741613134742,53
5,67,0.0008557788096368313,53
5,68,0.0008392413728870451,53
5,69,0.0008746342500671744,53
5,70,0.0009451573714613914,53
5,71,0.0009995215805247426,53
5,72,0.000973450718447566,53
5,73,0.0009469887590967119,53
5,74,0.0009813830256462097,53
5,75,0.0010405107168480754,53
5,76,0.001077084569260478,53
5,77,0.0010689611081033945,53
5,78,0.0010319416178390384,53
5,79,0.0010176305659115314,53
5,80,0.0010699578560888767,53
5,81,0.0011119612026959658,53
5,82,0.0011070974869653583,53
5,83,0.0011268488597124815,53
5,84,0.0011721976334229112,53
5,85,0.0011807968840003014,53
5,86,0.001169632188975811,53
5,87,0.00119206088129431,53
5,88,0.001212551025673747,53
5,89,0.0012337059015408158,53
5,90,0.0012710922164842486,53
5,91,0.0013116233749315143,53
5,92,0.001330162980593741,53
5,93,0.0013548199785873294,53
5,94,0.001382425776682794,53
5,95,0.0014223812613636255,53
5,96,0.001443099114112556,53
5,97,0.001425413996912539,53
5,98,0.0014498489908874035,53
5,99,0.0014772170688956976,53
5,100,0.001471760799176991,53
5,101,0.0015001711435616016,53
5,102,0.0015592845156788826,53
5,103,0.0016233877977356315,53
5,104,0.0016407460207119584,53
5,105,0.0016125427791848779,53
5,106,0.0015982665354385972,53
5,107,0.0016186231514438987,53
5,108,0.0016645140713080764,53
5,109,0.001735844649374485,53
5,110,0.001760405721142888,53
5,111,0.001774308388121426,53
5,112,0.00183762121014297,53
5,113,0.0018934349063783884,53
5,114,0.0019289280753582716,53
5,115,0.001933403662405908,53
5,116,0.0019181639654561877,53
5,117,0.0019186915596947074,53
5,118,0.0019944312516599894,53
5,119,0.002089930232614279,53
5,120,0.0020331693813204765,53
5,121,0.002029760042205453,53
5,122,0.002068880945444107,53
5,123,0.0021531074307858944,53
5,124,0.002186930738389492,53
5,125,0.002198817441239953,53
5,126,0.002233810955658555,53
5,127,0.002228028606623411,53
5,128,0.002234806539490819,53
5,129,0.0022843223996460438,53
5,130,0.0023800693452358246,53
5,131,0.002472418360412121,53
5,132,0.0025154370814561844,53
5,133,0.0025077885948121548,53
5,134,0.0025736254174262285,53
5,135,0.002553986618295312,53
5,136,0.002507705707103014,53
5,137,0.0025756738614290953,53
5,138,0.0026597303804010153,53
5,139,0.0027318354696035385,53
5,140,0.002821642439812422,53
5,141,0.0029050353914499283,53
5,142,0.0029218506533652544,53
5,143,0.002866651164367795,53
5,144,0.0028476628940552473,53
5,145,0.0029394275043159723,53
5,146,0.002982835052534938,53
5,147,0.002979117911309004,53
5,148,0.0030117935966700315,53
5,149,0.0031208775471895933,53
5,150,0.003148851217702031,53
5,151,0.003222881816327572,53
5,152,0.0033630847465246916,53
5,153,0.0033556546550244093,53
5,154,0.003371922066435218,53
5,155,0.0034578240010887384,53
5,156,0.0036214450374245644,53
5,157,0.0038511028978973627,53
5,158,0.004052625969052315,53
5,159,0.004009388852864504,53
5,160,0.00407131714746356,53
5,161,0.004419279284775257,53
5,162,0.004761680494993925,53
5,163,0.004829122684895992,53
5,164,0.00494780670851469,53
5,165,0.005244530271738768,53
5,166,0.005541347432881594,53
5,167,0.005776342004537582,53
5,168,0.005887895822525024,53
5,169,0.006064276676625013,53
5,170,0.006351304240524769,53
5,171,0.006851347163319588,53
5,172,0.00731330132111907,53
5,173,0.00783362053334713,53
5,174,0.008405311033129692,53
5,175,0.008985606022179127,53
5,176,0.009687365964055061,53
5,177,0.010485588572919369,53
5,178,0.011115801520645618,53
5,179,0.011782191693782806,53
5,180,0.01284977700561285,53
5,181,0.01414527464658022,53
5,182,0.015468227677047253,53
5,183,0.016750551760196686,53
5,184,0.018105240538716316,53
5,185,0.019636280834674835,53
5,186,0.02156202308833599,53
5,187,0.023603109642863274,53
5,188,0.02564612403512001,53
5,189,0.02804369293153286,53
5,190,0.030690906569361687,53
5,191,0.03340758755803108,53
5,192,0.03640574589371681,53
5,193,0.039925165474414825,53
5,194,0.04384981840848923,53
5,195,0.04787391424179077,53
5,196,0.05195204168558121,53
5,197,0.05628925561904907,53
5,198,0.06141256168484688,53
5,199,0.06725949048995972,53
5,200,0.07328008115291595,53
5,201,0.07925712317228317,53
5,202,0.08598752319812775,53
5,203,0.0933908149600029,53
5,204,0.10112559050321579,53
5,205,0.1092858761548996,53
5,206,0.11837094277143478,53
5,207,0.12819793820381165,53
5,208,0.1381276547908783,53
5,209,0.14855661988258362,53
5,210,0.1601564586162567,53
5,211,0.17239944636821747,53
5,212,0.18498647212982178,53
5,213,0.19838659465312958,53
5,214,0.21244162321090698,53
5,215,0.22752645611763,53
5,216,0.24426816403865814,53
5,217,0.26093146204948425,53
5,218,0.27798816561698914,53
5,219,0.29581671953201294,53
5,220,0.31437334418296814,53
5,221,0.33346712589263916,53
5,222,0.3531474769115448,53
5,223,0.3733369708061218,53
5,224,0.3940710127353668,53
5,225,0.4156075716018677,53
5,226,0.43744799494743347,53
5,227,0.45963338017463684,53
5,228,0.4826422333717346,53
5,229,0.5063418745994568,53
5,230,0.5305657386779785,53
5,231,0.5542147159576416,53
5,232,0.5794448256492615,53
5,233,0.6047487854957581,53
5,234,0.6297273635864258,53
5,235,0.6551864743232727,53
5,236,0.6795583367347717,53
5,237,0.7034217119216919,53
5,238,0.7263389825820923,53
5,239,0.7502087354660034,53
5,240,0.7745187282562256,53
5,241,0.7924517393112183,53
5,242,0.8105900883674622,53
5,243,0.8334318399429321,53
5,244,0.8560430407524109,53
5,245,0.8764409422874451,53
5,246,0.8866738677024841,53
5,247,0.9036523103713989,53
5,248,0.9241750836372375,53
5,249,0.9323193430900574,53
5,250,0.9528691172599792,53
5,251,0.9591185450553894,53
5,252,0.9657449722290039,53
5,253,0.9871733784675598,53
5,254,0.9761525392532349,53
5,255,0.9874475002288818,53
5,256,0.999355137348175,53
5,257,0.9767402410507202,53
5,258,0.994817852973938,53
5,259,1.0,53
5,260,0.963115394115448,53
5,261,0.9836333990097046,53
5,262,0.9850296974182129,53
5,263,0.9336774945259094,53
5,264,0.9543384909629822,53
5,265,0.9569801092147827,53
5,266,0.8891146779060364,53
5,267,0.89920973777771,53
5,268,0.9109141230583191,53
5,269,0.8370312452316284,53
5,270,0.8204654455184937,53
5,271,0.8466131091117859,53
5,272,0.7962442636489868,53
5,273,0.7317767143249512,53
5,274,0.7381218075752258,53
5,275,0.737488329410553,53
5,276,0.67413330078125,53
5,277,0.6265383958816528,53
5,278,0.6388804316520691,53
5,279,0.6176024079322815,53
5,280,0.5520513653755188,53
5,281,0.5202327370643616,53
5,282,0.5220300555229187,53
5,283,0.49011510610580444,53
5,284,0.4494568705558777,53
5,285,0.4198107123374939,53
5,286,0.3957343101501465,53
5,287,0.37439587712287903,53
5,288,0.35223388671875,53
5,289,0.3299270570278168,53
5,290,0.30518028140068054,53
5,291,0.2768433094024658,53
5,292,0.25070151686668396,53
5,293,0.235783189535141,53
5,294,0.23037424683570862,53
5,295,0.21894492208957672,53
5,296,0.19160446524620056,53
5,297,0.1602308452129364,53
5,298,0.14105717837810516,53
5,299,0.13739250600337982,53
5,300,0.13954997062683105,53
5,301,0.13474920392036438,53
5,302,0.11829774081707001,53
5,303,0.09742471575737,53
5,304,0.08081365376710892,53
5,305,0.07112441956996918,53
5,306,0.06643905490636826,53
5,307,0.06458961963653564,53
5,308,0.06370795518159866,53
5,309,0.0606846921145916,53
5,310,0.054489657282829285,53
5,311,0.047636132687330246,53
5,312,0.04130746051669121,53
5,313,0.036192432045936584,53
5,314,0.032228223979473114,53
5,315,0.029274897649884224,53
5,316,0.026980439200997353,53
5,317,0.025037316605448723,53
5,318,0.023358263075351715,53
5,319,0.022023195400834084,53
5,320,0.020856834948062897,53
5,321,0.019412478432059288,53
5,322,0.017643865197896957,53
5,323,0.01597565785050392,53
5,324,0.014876464381814003,53
5,325,0.014260695315897465,53
5,326,0.013694425113499165,53
5,327,0.01302681490778923,53
5,328,0.01241780910640955,53
5,329,0.012006206437945366,53
5,330,0.011672847904264927,53
5,331,0.011340905912220478,53
5,332,0.011098422110080719,53
5,333,0.010955008678138256,53
5,334,0.010803786106407642,53
5,335,0.010589967481791973,53
5,336,0.010238956660032272,53
5,337,0.009908339008688927,53
5,338,0.00984090007841587,53
5,339,0.009862292557954788,53
5,340,0.00978847872465849,53
5,341,0.009681175462901592,53
5,342,0.009586317464709282,53
5,343,0.009578302502632141,53
5,344,0.00959781277924776,53
5,345,0.00950628798455,53
5,346,0.009467517957091331,53
5,347,0.009568694978952408,53
5,348,0.009527293033897877,53
5,349,0.00936361588537693,53
5,350,0.00922367349267006,53
5,351,0.00921043660491705,53
5,352,0.009220851585268974,53
5,353,0.009241558611392975,53
5,354,0.009202061221003532,53
5,355,0.00911500584334135,53
5,356,0.009009103290736675,53
5,357,0.008998844772577286,53
5,358,0.008983745239675045,53
5,359,0.008852308616042137,53
5,360,0.008800781331956387,53
5,361,0.008822930045425892,53
5,362,0.008921961300075054,53
5,363,0.008948463015258312,53
5,364,0.008958112448453903,53
5,365,0.008786207064986229,53
5,366,0.008585027419030666,53
5,367,0.00845132302492857,53
5,368,0.008486245758831501,53
5,369,0.008512956090271473,53
5,370,0.008432663977146149,53
5,371,0.008363917469978333,53
5,372,0.008380289189517498,53
5,373,0.008386536501348019,53
5,374,0.008359607309103012,53
5,375,0.008398237638175488,53
5,376,0.008329397067427635,53
5,377,0.008185052312910557,53
5,378,0.008042511530220509,53
5,379,0.007906573824584484,53
5,380,0.007928846403956413,53
5,381,0.007963624782860279,53
5,382,0.007917760871350765,53
5,383,0.007884293794631958,53
5,384,0.007815518416464329,53
5,385,0.007764046546071768,53
5,386,0.0077943759970366955,53
5,387,0.007784354034811258,53
5,388,0.007669732440263033,53
5,389,0.007587433326989412,53
5,390,0.0076140775345265865,53
5,391,0.00754935760051012,53
5,392,0.007481015753000975,53
5,393,0.007396596018224955,53
5,394,0.007254566997289658,53
5,395,0.007178203668445349,53
5,396,0.007209404371678829,53
5,397,0.0072213830426335335,53
5,398,0.007159541826695204,53
5,399,0.007082828786224127,53
5,400,0.007045319769531488,53
5,401,0.006985859014093876,53
5,402,0.006967685651034117,53
5,403,0.006990404799580574,53
5,404,0.006959862075746059,53
5,405,0.00687852967530489,53
5,406,0.0068467753008008,53
5,407,0.0068166968412697315,53
5,408,0.006782141979783773,53
5,409,0.006745307240635157,53
5,410,0.006708635948598385,53
5,411,0.006658880040049553,53
5,412,0.006565864663571119,53
5,413,0.006512639112770557,53
5,414,0.0065536522306501865,53
5,415,0.006552932318300009,53
5,416,0.006460566073656082,53
5,417,0.006455978378653526,53
5,418,0.006424453109502792,53
5,419,0.006399098783731461,53
5,420,0.006375512108206749,53
5,421,0.006353824865072966,53
5,422,0.006291041150689125,53
5,423,0.006243748124688864,53
5,424,0.006260803900659084,53
5,425,0.006291304714977741,53
5,426,0.006260283291339874,53
5,427,0.00618582870811224,53
5,428,0.006107110995799303,53
5,429,0.006073081865906715,53
5,430,0.006027639843523502,53
5,431,0.005990566685795784,53
5,432,0.005955591797828674,53
5,433,0.005893470719456673,53
5,434,0.005852152593433857,53
5,435,0.005818143021315336,53
5,436,0.00581201259046793,53
5,437,0.005795225501060486,53
5,438,0.005758806597441435,53
5,439,0.005744597874581814,53
5,440,0.0057463874109089375,53
5,441,0.0056977951899170876,53
5,442,0.005628966726362705,53
5,443,0.005581373814493418,53
5,444,0.0055750589817762375,53
5,445,0.005564392078667879,53
5,446,0.005540185607969761,53
5,447,0.005536180920898914,53
5,448,0.005501318722963333,53
5,449,0.005480344872921705,53
5,450,0.0054765245877206326,53
5,451,0.005456004291772842,53
5,452,0.005425415467470884,53
5,453,0.005401457194238901,53
5,454,0.005382134113460779,53
5,455,0.005367407109588385,53
5,456,0.005373460706323385,53
5,457,0.005359546281397343,53
5,458,0.005342158954590559,53
5,459,0.005319687072187662,53
5,460,0.005289371125400066,53
5,461,0.005261609796434641,53
5,462,0.00526329455897212,53
5,463,0.0052748434245586395,53
5,464,0.005253764800727367,53
5,465,0.00521654449403286,53
5,466,0.005197751335799694,53
5,467,0.005190507974475622,53
5,468,0.005182321183383465,53
5,469,0.0051594506949186325,53
5,470,0.005135636776685715,53
5,471,0.0051457262597978115,53
5,472,0.005136929452419281,53
5,473,0.005119929555803537,53
5,474,0.005106165073812008,53
5,475,0.005119290668517351,53
5,476,0.005123173352330923,53
5,477,0.005103191360831261,53
5,478,0.005086821503937244,53
5,479,0.005072857718914747,53
5,480,0.005051880609244108,53
5,481,0.005034713540226221,53
5,482,0.005024590529501438,53
5,483,0.00503048300743103,53
5,484,0.0050376714207232,53
5,485,0.00502171041443944,53
5,486,0.005012045614421368,53
5,487,0.00500823138281703,53
5,488,0.004991235211491585,53
5,489,0.004988545551896095,53
5,490,0.004996982403099537,53
5,491,0.004995099734514952,53
5,492,0.004981388803571463,53
5,493,0.004972891882061958,53
5,494,0.004971631802618504,53
5,495,0.004975517746061087,53
5,496,0.004984608385711908,53
5,497,0.004987598862498999,53
5,498,0.004984833300113678,53
5,499,0.004975654184818268,53
5,500,0.004964924417436123,53
5,501,0.004963098093867302,53
5,502,0.004968112800270319,53
5,503,0.004971569869667292,53
5,504,0.004965737462043762,53
5,505,0.004958794917911291,53
5,506,0.004958000034093857,53
5,507,0.0049604508094489574,53
5,508,0.004961816594004631,53
5,509,0.004962342791259289,53
5,510,0.004961953964084387,53
5,511,0.0049651628360152245,53
