wavelength_nm,case_1,case_2,case_3,case_4,case_5
1549.0000000000002,0.012566705409031122,0.011077156068839283,0.014823618402386135,0.012064283005325787,0.012460512843727622
1549.0039062500002,0.013279858901812172,0.009790126536464919,0.018094676242758845,0.012902414100736784,0.011743434089505771
1549.0078125,0.012566705409031122,0.010203345941478597,0.015774402331828957,0.012891566003752117,0.012189323316181583
1549.01171875,0.013301781952032785,0.009790126536464919,0.014823618402386135,0.014697244056160706,0.011382865800429322
1549.0156250000002,0.016014322130921393,0.011713576422524623,0.01881793170421349,0.012942483780393785,0.010621282820598104
1549.01953125,0.015441951033436296,0.009790126536464919,0.014823618402386135,0.012064283005325787,0.014913846024155703
1549.0234375,0.015189689435764209,0.010155588323168723,0.019131158297718234,0.014319180355679353,0.01109500908896096
1549.0273437500002,0.01607023587048928,0.010302268493380494,0.018045929444434186,0.012424597524098567,0.009976035582977001
1549.0313720703127,0.01627554755231282,0.01122846906728222,0.019292615425091808,0.01365292535273576,0.0136259834622724
1549.0352783203127,0.017884532527347376,0.010197315474222786,0.017369570318704626,0.01571253095017243,0.01197276359791043
1549.0391845703125,0.01730572387561934,0.012507643656942045,0.02020095803844935,0.013718593294999061,0.013080259003419898
1549.0430908203125,0.017453130883010252,0.012886505676208262,0.01803249350080993,0.015327071718515444,0.013774474644362053
1549.0469970703127,0.01758960338423811,0.011988682796220503,0.020271567069740887,0.013496167288503525,0.013284545219280004
1549.0509033203125,0.016902727090563736,0.013575726336507419,0.019655497174552637,0.013039727186025576,0.014354642883966503
1549.0548095703125,0.018867821211710756,0.013649812302933972,0.020228662515580757,0.015970415035057247,0.013737308155145789
1549.0587158203127,0.017614693636435516,0.01607686898280019,0.019679487976386554,0.012944174507879528,0.01294165184653668
1549.0626220703127,0.01904487685070326,0.015918548841498407,0.022105721365255314,0.013404121704795408,0.016425185029088508
1549.0665283203125,0.01800144364036689,0.017632016137183182,0.021893884464107102,0.01498849434720395,0.013716393396002738
1549.0704345703125,0.02183187886158925,0.016330434135264357,0.024163620067381333,0.017196451314093242,0.014191937568397088
1549.0743408203127,0.021237661736909125,0.01789562633967884,0.01985981504681895,0.014085275585922015,0.015930182194252625
1549.0782470703125,0.021238140042414894,0.01617793929913291,0.022498410972393117,0.014864829948142524,0.015507747621913662
1549.0821533203125,0.02098505129150542,0.016066807301912633,0.022407796157249867,0.01596756334552141,0.01520804533289848
1549.0860595703127,0.021643995817580104,0.016619797962169384,0.023667391491461742,0.016637060730147632,0.015140302530668292
1549.0899658203127,0.019781829576043124,0.0164349682409395,0.021215207029324373,0.018711397151112082,0.017426574680765437
1549.0939941406252,0.01888033278071716,0.01872644123262715,0.02050170368355654,0.017538345285421184,0.014535549031649615
1549.097900390625,0.016374187467657918,0.017474004148375473,0.02028512843415767,0.015283561539123372,0.01640286818747845
1549.101806640625,0.017906603798399666,0.01583588917523726,0.020764969414636507,0.01729833368837981,0.01693897775117495
1549.1057128906252,0.019135302202555424,0.017258294987044433,0.019158677936575236,0.01743236889524501,0.015473677318567806
1549.109619140625,0.01834874555028292,0.016284596183913584,0.02054984073278684,0.0193129073488254,0.01543323563940402
1549.113525390625,0.01720837350522011,0.016652125582973666,0.018055679410597415,0.01824790511491472,0.013962331907987034
1549.1174316406252,0.020835946739170465,0.015345765433533717,0.020844557166984006,0.020706033226367403,0.016045531965037763
1549.121337890625,0.017262235989492777,0.016233555750514425,0.021631538128571458,0.018632130966045653,0.014726227861606909
1549.125244140625,0.015074810829372244,0.017372017091023928,0.02036286135664024,0.017847867963828923,0.013964120744043892
1549.1291503906252,0.0155780790387272,0.016089946951760574,0.02068273822430136,0.018401840929773212,0.012020391110058627
1549.1330566406252,0.015627436534993534,0.016556511670464853,0.020724055412515,0.01975145714238383,0.013584212787833927
1549.136962890625,0.013355449673143343,0.01729784314115433,0.01829605689381269,0.01948690983274488,0.01444092256889547
1549.140869140625,0.014265174987735475,0.017648374392902677,0.02138823127711527,0.019147464474289645,0.011792703470455666
1549.1447753906252,0.014270138856406121,0.0157247489732302,0.01996756905317405,0.017733683910185007,0.01131386692520382
1549.148681640625,0.015596564285090295,0.01536941674770496,0.022426134542258426,0.019595450009696688,0.013601089635872865
1549.152587890625,0.014474515714579013,0.015250920220604303,0.023162457715743504,0.02212991432298836,0.01316639868282412
1549.1566162109375,0.014061689199183845,0.018139864164167352,0.020471226743815296,0.0226328070180228,0.011488677660875718
1549.1605224609377,0.015044828857161192,0.01625155570974501,0.022976863488242932,0.018657785562278498,0.014978580375252595
1549.1644287109377,0.013983152013993558,0.017326921641326272,0.021391089833717895,0.020467875171671528,0.012019843766788522
1549.1683349609375,0.016405366300182717,0.016711045410554876,0.025970727291823686,0.01926173388040179,0.010106317307174902
1549.1722412109375,0.01348147061903813,0.014575772047635552,0.023083749688462163,0.021028795850256868,0.010218305142007228
1549.1761474609377,0.014014284075758797,0.01347364408462192,0.02021019439946985,0.01821373434787523,0.00904830919202566
1549.1800537109375,0.01535424084266851,0.013803850241801186,0.01897131524500338,0.020182666007483266,0.012265863656665859
1549.1839599609375,0.013633008377063462,0.014237685152045869,0.022012659488892722,0.018380030916241373,0.011037104919989264
1549.1878662109377,0.012566705409031122,0.014866503183154484,0.022040658641433085,0.015381932067076042,0.014943854152635801
1549.1917724609377,0.014673185688292636,0.015398198334744026,0.020460957350183384,0.019596819675355724,0.014922680769172813
1549.1956787109375,0.014498558054259345,0.0159575100583284,0.018925914077304082,0.017547199279584078,0.014796418967955062
1549.1995849609375,0.013831049806960606,0.015131326776051276,0.022193075901240297,0.016067626398935463,0.013100727895916993
1549.2034912109377,0.015178378736662241,0.01589479014872157,0.022460106058628363,0.015064076915060919,0.014603690216406905
1549.2073974609375,0.014503952546639541,0.01404703526044138,0.019205263776774804,0.015701355988990924,0.01443722461799896
1549.2113037109375,0.013635437107067558,0.015347041213248548,0.02157240023232052,0.01709416137064078,0.013252794341896142
1549.2152099609377,0.013896324091844126,0.01705355091804333,0.017658675672361075,0.017647035308553955,0.012970034909319205
1549.2192382812502,0.013076546555445545,0.014293546161713489,0.02056363229791386,0.014615655959622971,0.01145473197599445
1549.2231445312502,0.013160782538958861,0.014789046829450545,0.021351333620165485,0.013999043034948784,0.013632321494994347
1549.22705078125,0.014309237937121362,0.014544365783167541,0.020662247543542567,0.014199227639756461,0.013979791234841846
1549.23095703125,0.014858221857971598,0.013396843369213202,0.022192142503717288,0.014931175268382347,0.009589980154435568
1549.2348632812502,0.01495621749991389,0.01774800870765187,0.017791720639406535,0.012280242199715406,0.011721665634443625
1549.23876953125,0.015167030860680764,0.014921446449241354,0.021763037403089727,0.014571751786185994,0.01417068062062233
1549.24267578125,0.016445612683551835,0.018034131297944647,0.020931026325473986,0.0135909314256553,0.010692092448545501
1549.2465820312502,0.01704833754531615,0.016394781146094224,0.020801026811329153,0.013979333374635501,0.013987765019067374
1549.2504882812502,0.017071261131948796,0.012794994745798125,0.02073877312832876,0.012356598579080292,0.012022872687110072
1549.25439453125,0.01682793755960496,0.017495049855435426,0.01848546584483265,0.012570549730955368,0.012048745722678549
1549.25830078125,0.015674567138668185,0.014891339568774843,0.020632643683700977,0.014375471921750935,0.012958063379246891
1549.2622070312502,0.015378884776688183,0.014845450909314113,0.022201314969741776,0.01442156076970618,0.0128757404230869
1549.26611328125,0.016031327907475912,0.01437283185225157,0.020311228792744232,0.012327208610770453,0.011491323934434286
1549.27001953125,0.014819424190353881,0.016727562014240527,0.022414527132614458,0.01318243558699397,0.012989792028498587
1549.2739257812502,0.015605325599237996,0.013250298668917925,0.019967038279537844,0.013806211973770396,0.012897337647251515
1549.27783203125,0.013735748063729741,0.017248595708567783,0.023007241945593584,0.013135715567687821,0.010743445967371415
1549.2818603515625,0.01525105578832371,0.013125752780730826,0.02265616545841414,0.015506628818302505,0.0103441585913774
1549.2857666015625,0.014706248647094536,0.012818048146841765,0.022692164435703804,0.013040868290706963,0.012054011955975377
1549.2896728515627,0.01576654824434251,0.01530294307866906,0.022074430791430094,0.01423045925599382,0.010358910687661288
1549.2935791015627,0.013337576628245243,0.014819090295665829,0.019240687266227477,0.013663444375120404,0.01152964118322316
1549.2974853515625,0.01552564981858463,0.013959680926723861,0.021333849004825642,0.014352830912674924,0.01066394178129003
1549.3013916015625,0.014557454705362228,0.01668493527689088,0.0218000042701333,0.013257946223591806,0.010837666654072464
1549.3052978515627,0.013747810152443663,0.015725642533221465,0.022615617770936472,0.01430448783470488,0.00904830919202566
1549.3092041015625,0.016693681680760887,0.01470914330945545,0.021595987418066027,0.012803827988092292,0.009537947531426507
1549.3131103515625,0.015252192484817994,0.013749892562245413,0.019215813017550484,0.014931671804767604,0.01129123737623687
1549.3170166015627,0.018873579383491393,0.013795659111184692,0.018788390348509862,0.014094663445148634,0.011515168168855982
1549.3209228515627,0.01834513401550173,0.012248170130630365,0.021004728510589567,0.014665018649740541,0.010782761766988547
1549.3248291015625,0.020427381430908026,0.014311871784654134,0.01763195700124623,0.015859833764965768,0.01228980035592335
1549.3287353515625,0.020889697352245183,0.01446930437884647,0.022373438459166384,0.014829988324770858,0.01295237429401311
1549.3326416015627,0.019446254892316373,0.014539755872629609,0.02049598636926533,0.013842495352715891,0.010552507768077627
1549.3365478515625,0.0196680171505265,0.014135929761004085,0.019275883626362213,0.012064283005325787,0.011422352206466778
1549.3404541015625,0.02016511166951699,0.013162594165185271,0.019683541715733718,0.013789759915205707,0.013074896312966572
1549.344482421875,0.01922045840757012,0.015966084584203143,0.020918999168071814,0.013500837110081819,0.01454611931851682
1549.3483886718752,0.022029718099656072,0.017074867407859115,0.021847110021950198,0.01477164187461634,0.01039346093533489
1549.3522949218752,0.018671963878552196,0.01250844487234068,0.022904018752613366,0.01441521085128803,0.013785912873696689
1549.356201171875,0.01901433778130228,0.014732062303553336,0.024167926543972318,0.01808900439063813,0.01321459720714948
1549.360107421875,0.019159589752291508,0.012090433606748512,0.022803890054690863,0.016579467968759632,0.010890072377718227
1549.3640136718752,0.01681444772888268,0.0153180626001738,0.01948466386184929,0.01768248437454558,0.01195543633605622
1549.367919921875,0.018065360126729137,0.014574550259521594,0.023617858376229,0.017508606460552235,0.011196260594562066
1549.371826171875,0.019183066575060873,0.013192766210089187,0.023948745103012155,0.017895975371916062,0.00904830919202566
1549.3757324218752,0.019128130599341497,0.016353575340532042,0.02352972385721548,0.019932488646730244,0.011720138785217717
1549.3796386718752,0.019277008711413503,0.01499121278142572,0.02358721298418977,0.017747777616111474,0.011653836910033213
1549.383544921875,0.020585792715183834,0.01403550490122834,0.026484766646016865,0.016955765360426985,0.011589002459719742
1549.387451171875,0.018575938372314513,0.013592144478874265,0.02573319285609102,0.01953627246977408,0.013790160249198432
1549.3913574218752,0.017528577116482296,0.014253167710056542,0.02445371428896653,0.019198762159272922,0.01079887308623068
1549.395263671875,0.018832921205247433,0.01444929256805566,0.02590632014294013,0.017727725196161184,0.013970577262645521
1549.399169921875,0.019022962489872196,0.013126370115497383,0.025945157941812035,0.021334354328895307,0.013878497729574044
1549.4030761718752,0.020431714136685524,0.017331664870752758,0.026450341213176343,0.01970726928320894,0.013418694969347333
1549.4071044921877,0.01949419774838878,0.019113644017498124,0.028342304843424444,0.01793036175766556,0.013753654073429208
1549.4110107421877,0.019336846120801124,0.017936555992647107,0.02519218783440489,0.017104791638992475,0.010735270056661847
1549.4149169921875,0.022155432094381183,0.02174771699913383,0.02832178386143252,0.01881474399708781,0.013198793918095066
1549.4188232421875,0.023545048831673153,0.01950846890467976,0.02909625716821855,0.01802703103832851,0.016643395728463184
1549.4227294921877,0.022095436106495628,0.01954066216012791,0.02724335814217181,0.019107538630461926,0.014907589998156633
1549.4266357421875,0.02511923269563389,0.015424972433539918,0.02783205640727543,0.021781903181834764,0.016091191499201567
1549.4305419921875,0.025219762046137916,0.019117940731731786,0.02878810046287077,0.020002958836196162,0.013147767047651977
1549.4344482421877,0.02612692738991572,0.018041879969745676,0.02812222762896957,0.01910626311502297,0.012390946264631676
1549.4383544921875,0.023260420254739483,0.02160498042105595,0.02976512995958452,0.020476561700290608,0.014488472421007873
1549.4422607421875,0.026112952199551127,0.019463802059650485,0.030426437323470154,0.020182977705027617,0.01422413892464983
1549.4461669921877,0.02409711326259023,0.019756934570789267,0.03123269408652453,0.02060357447661479,0.015065595751022672
1549.4500732421877,0.02505384532109029,0.019725817930128328,0.030154456082947548,0.022571862670445503,0.015041559812438762
1549.4539794921875,0.02556629571562128,0.019393878738081058,0.03156295489495112,0.019421327095647447,0.015873597523627107
1549.4578857421875,0.027434579499655103,0.01971545953900529,0.029696112280935723,0.020388885043049237,0.015530327327588526
1549.4617919921877,0.025826945485245622,0.01979651046795591,0.030085331415432747,0.019237177004310616,0.014989479204184955
1549.4656982421875,0.025150246224528803,0.01784953234195927,0.031109547254351447,0.0200979678029283,0.014728780056816406
1549.4697265625,0.025505463841397465,0.019335602826245562,0.03182512188220686,0.021816372743347353,0.015901278950544304
1549.4736328125,0.025327089421342593,0.018681761387627865,0.030997393875150533,0.020094586897274835,0.017838403194051142
1549.4775390625002,0.026929834717032426,0.019678610344958703,0.02941557690066894,0.020502311354038467,0.015337477109178765
1549.4814453125002,0.025998040788619073,0.01855708792653816,0.031362419336978344,0.01987173614081558,0.015156642097797728
1549.4853515625,0.025496901765588886,0.01786865504894352,0.030571425241853516,0.019611977610026733,0.01926744635720197
1549.4892578125,0.02108680333424276,0.01777186166997405,0.03086940707798837,0.021387402479607596,0.016358857276675673
1549.4931640625002,0.02366114750055033,0.01703784899456525,0.03268417874449246,0.022818254509946387,0.015553787557224922
1549.4970703125,0.02602506472005551,0.016650690071444055,0.03138614260755531,0.021661993106359162,0.01872959058128275
1549.5009765625,0.02534098103420415,0.016770254206960426,0.032310277988478034,0.023392191360879503,0.01569316312714792
1549.5048828125002,0.0243267898715685,0.0177353332294226,0.03262346654477494,0.025098254901106058,0.019569861211762837
1549.5087890625002,0.023927132088783644,0.020550805203977226,0.03192687294035243,0.02547294480776849,0.020450789785853497
1549.5126953125,0.023343050291874085,0.019785046920157874,0.03260933119529488,0.023736371594874007,0.019316217231248732
1549.5166015625,0.0226522439438507,0.01733863769756846,0.031366890189299466,0.024930629312494287,0.020085201569061108
1549.5205078125002,0.024772316469570274,0.019889298639948795,0.03020377798280755,0.024503547005416182,0.021495910367294792
1549.5244140625,0.02262843488982002,0.021761102188103603,0.0326388011327518,0.025006318142168315,0.022658646118912114
1549.5283203125,0.02435946129373158,0.021356859924859688,0.03178272753502345,0.024776713291514443,0.0231552172092218
1549.5323486328125,0.026170550355701976,0.02076776391709031,0.030899460399014398,0.026757419389627477,0.023892535019953372
1549.5362548828127,0.023888945966903104,0.021352151301640004,0.030785843075583665,0.024872407525694827,0.02075234770150912
1549.5401611328127,0.023665078664684817,0.021854003793778002,0.033249938740273655,0.025041220554115264,0.020678506915127473
1549.5440673828125,0.022693518500688296,0.02064231157891036,0.030689901083071177,0.027357839395222558,0.022788250229067025
1549.5479736328125,0.02670430638095493,0.022580007462422787,0.033672721252739096,0.021898658214286132,0.022964878274955032
1549.5518798828127,0.021607031391461844,0.019748503996644982,0.03445408490012978,0.026546432009831505,0.022692939875250055
1549.5557861328125,0.023058177658201052,0.018928883174240567,0.031957764189241344,0.023422357256394636,0.021989345368700945
1549.5596923828125,0.02158844604207877,0.02289770828321475,0.03317873724830663,0.02225388594981157,0.023861966450327496
1549.5635986328127,0.02129290277266955,0.02216931081238771,0.03197621068416949,0.02281679310535417,0.020584621628949036
1549.5675048828127,0.02433502194461805,0.021960340130884583,0.03193286755516449,0.02401654413825102,0.02147474326731163
1549.5714111328125,0.021657996734970125,0.020827535511175853,0.02905088126574728,0.023033108698614867,0.025245960553993266
1549.5753173828125,0.022660942971125978,0.021855161824041777,0.03206200393301085,0.021181274589728735,0.023111022779608734
1549.5792236328127,0.021104967039407743,0.02189818480600514,0.030607059788043303,0.021618955643590152,0.021166484032383276
1549.5831298828125,0.02118193757473585,0.02127009212488313,0.032819161598545914,0.023525013139917575,0.021934923982445963
1549.5870361328125,0.02153932140370432,0.022938797657633785,0.03120630167463715,0.023635816920573757,0.022930245536095073
1549.5909423828127,0.0232586022495934,0.024600783265684115,0.03092370479526938,0.02407287524044216,0.021854785412059763
1549.5949707031252,0.021744178101545296,0.02288917808388529,0.03484017390216061,0.022151226051407878,0.02106550912117182
1549.598876953125,0.020714998272586493,0.02357120865368867,0.030819352129120906,0.024323518792362733,0.020424120971451
1549.602783203125,0.020959068033819903,0.024635614144725693,0.030965741693953556,0.022567593729433545,0.01849920948004296
1549.6066894531252,0.02051294746850075,0.024293557464476367,0.031820390819433095,0.021658763268054215,0.022907969058336017
1549.6105957031252,0.020894638789485977,0.024931581772321243,0.030804185987239063,0.021969908157195402,0.02354218427406838
1549.614501953125,0.0200973844611894,0.02409603336374581,0.032273675707289305,0.023203081671617692,0.022416962788264577
1549.618408203125,0.021821051435574612,0.023903220123031293,0.030573854118889163,0.020490748115391352,0.018555185998475422
1549.6223144531252,0.018027876632652352,0.020586748339279336,0.03272212202297333,0.020864445744211875,0.019984157401101557
1549.626220703125,0.022466685650580895,0.02158809760788301,0.03245355556662195,0.018800638216809586,0.018983400731898095
1549.630126953125,0.020501659366166866,0.021283989276602452,0.030243221354676865,0.019139423711224287,0.018115226563955714
1549.6340332031252,0.02246564421998916,0.021313870341185752,0.02912081506597856,0.01856349196285623,0.018303449356726134
1549.6379394531252,0.020097312455039398,0.02401047574094471,0.03103645887316953,0.021798051140327755,0.017640058823353767
1549.641845703125,0.02118611875397531,0.021665407303135202,0.029905075185225474,0.021594174207404813,0.02027105578339774
1549.645751953125,0.02216405853401162,0.021731017011947476,0.029730997703098713,0.020530840249106036,0.01723748277681075
1549.6496582031252,0.02340868727490183,0.020377546372912073,0.03027318040567102,0.020682754028929995,0.01736050054058716
1549.653564453125,0.023648001762975955,0.020740516237702275,0.028926794713179063,0.021967225069095413,0.019927185527462254
1549.6575927734375,0.02452934614060147,0.020227432380034913,0.030851043764255345,0.018914815166232394,0.013886095826369182
1549.6614990234375,0.024732867343550916,0.02048951812022521,0.026763118935538503,0.020067298761896404,0.014892759064306607
1549.6654052734377,0.0262638820824788,0.0215133624199749,0.026842252624739674,0.018779984081082203,0.01733879934181813
1549.6693115234377,0.026733910417372383,0.01912506733609455,0.028906666056461625,0.02056672311991676,0.017866939060884518
1549.6732177734375,0.02724459640151601,0.020861392867608526,0.029379947412557554,0.021279412466249453,0.0166012144715246
1549.6771240234375,0.029897030880173214,0.022702113499709645,0.028429606509556057,0.021625594853279907,0.016097361051696603
1549.6810302734377,0.03108178737984621,0.02088650099722531,0.028215628455482047,0.020066366521018408,0.01420450653886704
1549.6849365234375,0.03120169733209614,0.021387560835302303,0.026241977288955016,0.020888950750100745,0.014154504051687042
1549.6888427734375,0.03511666936383018,0.020468137411866177,0.02538142212414577,0.02294979284629476,0.01271550839809468
1549.6927490234377,0.033580582819495226,0.020665223365343766,0.026210598297027966,0.021079811668510827,0.011740244894757227
1549.6966552734377,0.035956076151519925,0.023193004557904507,0.023359795714900995,0.021294723605549792,0.011867788517956133
1549.7005615234375,0.03552206825223942,0.020808350524511604,0.02247417077228727,0.023715701981640108,0.012145088091616605
1549.7044677734375,0.03728430886624404,0.022187444946991788,0.023988552290014786,0.022602133061603087,0.012299066694577188
1549.7083740234377,0.042359175626616,0.021455102810890917,0.02160039930791801,0.022156322113486906,0.014034009160087539
1549.7122802734375,0.04221804071019318,0.02243518661639258,0.025698452295943912,0.025277710126000566,0.012121770061516208
1549.7161865234375,0.043985489182322465,0.02062289475572962,0.024984913783314775,0.02190975516847119,0.011752259044819587
1549.72021484375,0.049286173501299296,0.021953258836901295,0.023458783909818134,0.02390853510661134,0.01132312205382643
1549.7241210937502,0.04984931846464544,0.022047257153911863,0.02468785211684215,0.021595267004350695,0.012861618650943811
1549.7280273437502,0.05314383379701207,0.023389684093188364,0.02919731592184631,0.025616902530354126,0.01142928858674294
1549.73193359375,0.05564678320948145,0.02419318297974441,0.024576745002290425,0.025188926262633693,0.009992681089511339
1549.73583984375,0.06095687178080948,0.023787688110922255,0.028803688681017937,0.025546725822215267,0.01199279997047764
1549.7397460937502,0.06522769946234312,0.023742388946969596,0.02579218491785727,0.030026915590739313,0.014712861622694938
1549.74365234375,0.06832073661214139,0.02799636262779922,0.02736831748531948,0.029156717105713825,0.009491316355051153
1549.74755859375,0.07286856186188473,0.028632087348412993,0.030462028682109298,0.031721152684949495,0.010376991006183195
1549.7514648437502,0.0753263595778896,0.02735683073950168,0.03330246482705488,0.0312760508449024,0.011152443714061577
1549.75537109375,0.08415161603922806,0.031192363377892898,0.03390334137071665,0.035108855691172045,0.01221731284763777
1549.75927734375,0.08538124005706876,0.03175867609706746,0.03304231437397055,0.03258225779611586,0.013299278091112806
1549.7631835937502,0.09285045763168732,0.036815168775707494,0.035265272123977294,0.03647962309467137,0.012253136743553245
1549.7670898437502,0.10239012870672083,0.03757864374420668,0.03756619138856705,0.04224947339492889,0.013433605420723265
1549.77099609375,0.10672560259987128,0.043657677765459715,0.03996817888351524,0.04247272970920392,0.016549601228198228
1549.77490234375,0.11322167633247471,0.044931246560757684,0.04457713131674245,0.040609418230499794,0.014346165051825639
1549.7788085937502,0.11987141576505925,0.04700191518575771,0.047392573507175774,0.04617190956056627,0.01867561005090794
1549.7828369140627,0.12974703095245188,0.05516849052065183,0.0487235440114573,0.052757576932796826,0.01871428937259931
1549.7867431640625,0.1345394887500855,0.059117599076081585,0.0515603182337546,0.052807063013424485,0.022831071512432313
1549.7906494140625,0.1438834960199906,0.06347455255132632,0.058005403344298136,0.056526698217221866,0.023432637394294062
1549.7945556640627,0.15274780794921564,0.07093399624730178,0.06114530476881639,0.060733788705114214,0.023513942507001638
1549.7984619140627,0.16272341195204057,0.07830564632985158,0.06787484850999653,0.06518718100337956,0.028385973928617213
1549.8023681640625,0.17495686829659413,0.08210814440682726,0.07214977240786781,0.0698056493728582,0.028198507345163083
1549.8062744140625,0.18444967620899091,0.0921550858937224,0.07773429698563183,0.07591084457432903,0.03306904533143069
1549.8101806640627,0.19571277869243947,0.10221747227555743,0.0852321370614142,0.08262443567453448,0.03674068625539652
1549.8140869140625,0.20937743023712826,0.1142775076040223,0.09229081342377138,0.08685275598570331,0.03835030711273492
1549.8179931640625,0.21767934167170347,0.12303276598863788,0.10228169982774075,0.09377912260146547,0.04488336790185385
1549.8218994140627,0.23185932917687127,0.13602082674872332,0.11125566624678228,0.10281256847087557,0.05158168960652999
1549.8258056640627,0.2449769990016122,0.14659701018390867,0.11807648465754217,0.11064746367624052,0.0564585052048899
1549.8297119140625,0.25783652086558356,0.16262278328915347,0.1291337672877888,0.12092438922293652,0.06269348419769415
1549.8336181640625,0.27572386550464734,0.17945459707487396,0.13820649250707015,0.1300201737290467,0.06952347521547951
1549.8375244140627,0.2908372251277765,0.1942230029615852,0.15423115813192131,0.14022620833937624,0.07384944232260095
1549.8414306640625,0.30384661598038015,0.2106137896796276,0.1671723471765837,0.1516606871805682,0.08105360884879569
1549.845458984375,0.3228291566089175,0.23132029307483495,0.1829418450185767,0.1618580255217239,0.09062229323527494
1549.849365234375,0.3376429740279993,0.25138785112041667,0.1969965723382434,0.17387429566137283,0.09699891455867478
1549.8532714843752,0.35581705112097217,0.27276773276154714,0.2133558030900875,0.1874174721956884,0.10627527729592254
1549.8571777343752,0.3711970442881758,0.2940555599928814,0.23251122675323918,0.2016109707152298,0.11967796249041385
1549.861083984375,0.3908573751625065,0.31517554614323257,0.2486171185255049,0.21395657117146907,0.1351757003225904
1549.864990234375,0.40601748314814956,0.3369156925156645,0.26889205148043394,0.2292623371453423,0.1443011386590367
1549.8688964843752,0.4243970581224428,0.3614187261923264,0.2888890992249269,0.24315915967810126,0.1604177751158909
1549.872802734375,0.44411644933872285,0.38813746640959246,0.3121826788479457,0.2620958300814942,0.17417924612286567
1549.876708984375,0.46420833879038653,0.4161819834869173,0.33558304828638397,0.2788323575469404,0.19087057188524476
1549.8806152343752,0.485204319959692,0.4426683756105142,0.35750109161023835,0.2967192714813468,0.20956458762595762
1549.884521484375,0.5000755569257677,0.47008019072345647,0.384236466516068,0.3126749493390086,0.22608032574684636
1549.888427734375,0.5212632267835006,0.5008217724590786,0.41207450350850305,0.33129657224854575,0.24451195951330065
1549.8923339843752,0.5403625681563121,0.5267185266992409,0.4357415662092021,0.349948694635301,0.2661040307162636
1549.8962402343752,0.5616733770808704,0.5566167395375271,0.46340444733669006,0.36873819351365783,0.28721862191879793
1549.900146484375,0.5821057794178489,0.5823996531054718,0.49198481681227335,0.39077523061066055,0.3135166686244359
1549.904052734375,0.6054306390201993,0.6087208970761658,0.5154908097458292,0.4129547896236384,0.335596634433083
1549.9080810546875,0.624871069426815,0.6399473182163253,0.5471734464337562,0.4357917261141377,0.36201063607229106
1549.9119873046877,0.643397870312534,0.6694414671872415,0.5771916114196689,0.45841327446350827,0.3895344604633851
1549.9158935546875,0.6690136779931037,0.6967715210228657,0.6089099485353419,0.48142336282456055,0.4189709126521595
1549.9197998046875,0.6892723757441854,0.7252954384525401,0.6357400884365721,0.5065989017095472,0.4463543495994768
1549.9237060546877,0.7086140813365116,0.743734346793747,0.6629160688221346,0.5274377268665292,0.4771627614253046
1549.9276123046877,0.7257706330011654,0.7708897668508785,0.69038186032245,0.5554211248956284,0.5070156203922452
1549.9315185546875,0.7460236056189467,0.791615127609323,0.7181611387342257,0.5770846577797872,0.5341800405679066
1549.9354248046875,0.7662301337107473,0.8204553788709328,0.7431443388143826,0.6038161656616108,0.5592219686472291
1549.9393310546877,0.7847634410919234,0.8427081048913364,0.774964828942862,0.6270105203966327,0.5943265958083972
1549.9432373046875,0.8018739845821778,0.8614108874908999,0.8022842965473139,0.6464320428813827,0.6251424665386923
1549.9471435546875,0.821429952763259,0.8802979372472363,0.8294136980459411,0.6703525208639297,0.6546947277911097
1549.9510498046877,0.8384229996023819,0.8921878975580504,0.8457218315502766,0.6956117946638831,0.6756582724980839
1549.9549560546877,0.8544185892275427,0.9056306874330367,0.8752430493378969,0.7185408697354431,0.7067283436825712
1549.9588623046875,0.8692766835774319,0.9225754944639794,0.8941017772806438,0.7427102384794357,0.7363012124429322
1549.9627685546875,0.8793229411020522,0.9250399241547715,0.9103897000721984,0.7585315282177028,0.765264209770434
1549.9666748046877,0.8980943095428651,0.9343859104766731,0.9348965291345888,0.7782008031387329,0.787287771975451
1549.9707031250002,0.9125254116288324,0.9445292412915212,0.9490952174541217,0.8025236252361577,0.8150061682134734
1549.974609375,0.9141093664874007,0.9304610936051158,0.9555378760473336,0.8189319449470069,0.8379536175288048
1549.978515625,0.9275704955250369,0.9484527190971453,0.9775550163490088,0.8390468348166682,0.8623427365262275
1549.9824218750002,0.9346133249462345,0.9388832302277862,0.9776416947844918,0.857385822576549,0.8766339594736952
1549.9863281250002,0.925401493180168,0.9174336007599729,0.9749703153676106,0.8634686836835429,0.897131181311558
1549.990234375,0.9451951397429235,0.9348035944072605,0.9990485752290369,0.8886521563269528,0.9194631185447287
1549.994140625,0.9334703671214822,0.9089689790462268,0.984709413315132,0.8895969770523792,0.9201180196260287
1549.9980468750002,0.9226149624020351,0.891390228842702,0.976151297545336,0.89893495212481,0.9382886452817176
1550.001953125,0.9364309765155364,0.9001252161331341,0.9985245874241401,0.9207733472019716,0.9526382125213935
1550.005859375,0.9045150026603024,0.863865005324992,0.9695340347657727,0.910393933299776,0.9325685336530315
1550.0097656250002,0.8968920848426316,0.850173538250209,0.9575567415312107,0.9276688431875949,0.9649616894570443
1550.0136718750002,0.9036908899428544,0.8455758000987151,0.9710547294720594,0.9383032962000213,0.9672210858380651
1550.017578125,0.8530940688680956,0.8114691420500038,0.9440867419487451,0.9207103201469529,0.9307524245697406
1550.021484375,0.8477027069820605,0.7954818610634931,0.9270185503373513,0.9362464928337343,0.9726423463169639
1550.0253906250002,0.8390980237006888,0.77775265767289,0.9130205875395507,0.9393612443222991,0.964523296840626
1550.029296875,0.7902394911593359,0.751450387612427,0.8949041531888448,0.9165769709009739,0.9101621199468402
1550.0333251953125,0.779490895150547,0.738265307314535,0.872732343418205,0.929130579484754,0.9436109871798847
1550.0372314453125,0.7656005599890572,0.7059447896941335,0.8366117798862568,0.9251857371165709,0.9484752319172242
1550.0411376953127,0.7108139162108326,0.6885657055097802,0.8263842236737889,0.8957594024818405,0.8946662985968445
1550.0450439453127,0.6961286911271819,0.6826510129752573,0.8267904650434195,0.8986202036281564,0.880835952782159
1550.0489501953125,0.6836679648099396,0.6375996851248045,0.7591251727218078,0.89287994245901,0.9034091263716613
1550.0528564453125,0.626243230359257,0.6037221099521559,0.7299044563223974,0.853211015649838,0.884562063700099
1550.0567626953127,0.6117026385736685,0.6191856769748502,0.7750182890655525,0.8426904606123143,0.8253388913715161
1550.0606689453125,0.6086513725903379,0.5859778149720372,0.7238908539386382,0.8358462265275122,0.8049102686909915
1550.0645751953125,0.5304392836961983,0.5184418021117365,0.6267902106676482,0.7891579266349785,0.8473752106441486
1550.0684814453127,0.5029704163035895,0.5216258327298877,0.6498834876570343,0.7720306684440811,0.8229050324626148
1550.0723876953125,0.5281418345472667,0.5441918429600552,0.6905003494729133,0.753378306934856,0.7523043367898998
1550.0762939453125,0.47790753903310745,0.4760981235889128,0.6117175694198992,0.723654976356637,0.7236269419720783
1550.0802001953127,0.41504347230849303,0.41344981658374946,0.5323114665589368,0.6881256205236327,0.7371483577264263
1550.0841064453127,0.4172458460576206,0.4330529755114209,0.5546361620628003,0.6648372396361092,0.7467936667092794
1550.0880126953125,0.4129045073814286,0.4518736973686737,0.5776908459147939,0.6417351896726676,0.6993286517557028
1550.0919189453125,0.3541105864862845,0.3961277193867396,0.5277641452052892,0.6105764845099481,0.6216097454335097
1550.095947265625,0.3145575097118459,0.33061975228597046,0.45903620568058023,0.5741885236197918,0.6185056949348654
1550.0998535156252,0.32717151431102576,0.3343157532168433,0.44953629470526546,0.5497769688752548,0.6401616728787406
1550.103759765625,0.31379961368375464,0.35021596350030015,0.46207304309420927,0.5217934798319996,0.6306982742726166
1550.107666015625,0.2590655541293744,0.3268201842107785,0.4485205046538341,0.4959586070558196,0.5801456470714997
1550.1115722656252,0.2176256944548894,0.27769625805626225,0.40639109383523087,0.4731537760062295,0.5100471448463479
1550.1154785156252,0.23604545270080085,0.2523717822372325,0.37279905801508584,0.4366554125684577,0.4986314243771688
1550.119384765625,0.2375876932300466,0.2526090912939668,0.35356702516761784,0.40161793330002155,0.5234628535685008
1550.123291015625,0.20010304257847739,0.2524920811172867,0.34269737822974045,0.3879701492037228,0.5217143232395821
1550.1271972656252,0.1619221716415506,0.23258520682361145,0.3328965766147246,0.3777264851723722,0.480441076087583
1550.131103515625,0.15032273669948648,0.20729281361211524,0.3167221406977423,0.3455903740496409,0.41808832662523515
1550.135009765625,0.16030396959800994,0.18601357102903301,0.2993362409465694,0.30438495427157,0.38588234273944283
1550.1389160156252,0.15513697843152272,0.17761189340344097,0.2740524650166697,0.2825144653095509,0.38837031741401074
1550.1428222656252,0.13000673984059002,0.17124838495677952,0.24993168955815914,0.2789841702402495,0.41643355000104043
1550.146728515625,0.1051726712337866,0.15851058849935015,0.23018482113050534,0.271430932908469,0.39598727083003205
1550.150634765625,0.09561127906013431,0.1452511761138257,0.2204402284280709,0.24646104525055137,0.349356034774232
1550.1545410156252,0.09429665544181373,0.13591048711241974,0.22270552694452975,0.20982572753069695,0.29989039970415293
1550.1585693359377,0.09774549170632443,0.12797614693805928,0.2220020848558327,0.18322098945022602,0.2799856819299467
1550.1624755859375,0.08989539995144016,0.1166684974169917,0.20864817060291455,0.17781756254093092,0.2796849122514832
1550.1663818359375,0.07940575555465255,0.10737240100843158,0.18416294683873605,0.1765738047198004,0.2867418485244859
1550.1702880859377,0.06774587288387113,0.09964783693963952,0.16263631285913444,0.17402105804221912,0.289173997547803
1550.1741943359377,0.05553643228639091,0.08728905885937366,0.14585326186473077,0.15356202076527808,0.2615382725619631
1550.1781005859375,0.054986159811219876,0.08041505223332436,0.13554624286447814,0.127111489851816,0.22545109659896204
1550.1820068359375,0.05195665933719004,0.07438273297086752,0.1252205999738988,0.10785006500690111,0.19873645040922547
1550.1859130859377,0.04949301948523875,0.07212250534260023,0.12484236405854544,0.09929401624466441,0.1814996613851485
1550.1898193359375,0.04904540909090439,0.0673803697918569,0.12358449938950414,0.09407336644119735,0.17673365059271254
1550.1937255859375,0.04735796340888626,0.0679875951044836,0.12545764662566733,0.09451614898833607,0.17617453757161566
1550.1976318359377,0.04450766550303538,0.06266054004654958,0.12018243392103214,0.09059729337467562,0.17922907876715932
1550.2015380859375,0.04320965300688376,0.06002005011502149,0.11781653582589204,0.08178844893470755,0.17696036611248975
1550.2054443359375,0.040279281842786785,0.05644727228422614,0.10758127002667939,0.07353695365501797,0.16161925931706758
1550.2093505859377,0.03747918263092588,0.048316296153692394,0.09875140992661528,0.0633310345884644,0.13976446144957752
1550.2132568359377,0.03874481718377769,0.044191006575534646,0.08989219673669767,0.05836796803606606,0.1244722736782067
1550.2171630859375,0.03493291230599897,0.041929608429096675,0.08241061699217393,0.05020017937929029,0.10741536634587792
1550.22119140625,0.03386369923257798,0.039705907725277385,0.07696646195336225,0.04784708100182926,0.09865514587010768
1550.22509765625,0.036119141724007986,0.03447599873380365,0.07181845642187501,0.045221611933848604,0.0930808687422158
1550.2290039062502,0.03425746623135445,0.031187517723856632,0.07050814262804347,0.043568446595170854,0.08939994586355883
1550.23291015625,0.031160029436237226,0.03044802297723738,0.06390842025439793,0.03931552114965747,0.08499414574802017
1550.23681640625,0.03190632745363534,0.02554842992170122,0.05977690572318287,0.036847441785556115,0.08154005578805898
1550.2407226562502,0.030164012724407305,0.02600808588931828,0.05950370759326497,0.039298079058704555,0.08104873254431233
1550.2446289062502,0.031167123221483524,0.02409402617596773,0.05730711949186974,0.033400917308748175,0.0783355468769492
1550.24853515625,0.028245932450033838,0.024606759270900593,0.05710623866793379,0.03117242669552705,0.07628280437976069
1550.25244140625,0.0282234546232468,0.022194626123409306,0.05505058030865479,0.030156611094079005,0.07417820999049124
1550.2563476562502,0.029145725371890467,0.02201216459000816,0.05365842335751779,0.0279163348403408,0.06771527304802188
1550.26025390625,0.026907422149389505,0.020332801481447255,0.05408584371488453,0.025697487981174848,0.05930023257333952
1550.26416015625,0.026954691264043613,0.02283682927461613,0.05223461011714776,0.026587811873200678,0.05375610172355559
1550.2680664062502,0.028761005377915524,0.02046902108034737,0.049310215573852796,0.026602016293100793,0.05131769133834105
1550.2719726562502,0.027262656467539018,0.0203022219844926,0.050250004627355176,0.02249029892282072,0.04660472367321894
1550.27587890625,0.02823757432482817,0.02045349050888018,0.04832347216001683,0.02152155690463066,0.04343644304233289
1550.27978515625,0.02806669980260603,0.01949170955975621,0.04740584394987602,0.025228673689054383,0.040174102026950695
1550.2838134765625,0.02765855753366381,0.01952950347907117,0.04620953702448364,0.023030244658184124,0.03512740792139145
1550.2877197265627,0.02686995189875619,0.020055433790894403,0.040620442146932494,0.02568434315969992,0.035673412097346584
1550.2916259765625,0.025940623205835504,0.01748810512348096,0.041597072462829496,0.022556795377883986,0.03283238334734126
1550.2955322265625,0.02830914013697405,0.020786685653554026,0.03999257759681041,0.02316433502732415,0.03259870804352223
1550.2994384765627,0.025093330118636084,0.018514709972751023,0.04030514289223584,0.022588393575446647,0.030848317825457012
1550.3033447265627,0.02418840058348224,0.01760495945049911,0.035732306273599704,0.02414946255320928,0.027730091423258822
1550.3072509765625,0.02561411695519967,0.018314578628433532,0.034468303752714174,0.02209032868052333,0.030250625504800583
1550.3111572265625,0.025786544796754164,0.018916325629477898,0.03666448125266736,0.02272925695511235,0.027886753442027786
1550.3150634765627,0.026007429118538896,0.01866015450683136,0.035622879611730995,0.024183775785315366,0.028555549557462145
1550.3189697265625,0.024595765847557627,0.015228310659481964,0.03630933531023278,0.025889565439487783,0.029293682839713547
1550.3228759765625,0.023706628917684443,0.016989166194473136,0.03538409567811017,0.02651953330155489,0.025940742094341586
1550.3267822265627,0.02627863474155935,0.0192598235156222,0.03427453238141339,0.025659144627073055,0.02843673510891399
1550.3306884765627,0.026571184633917645,0.01670484587822129,0.03505287802669983,0.02534026020270137,0.028392059862887245
1550.3345947265625,0.02463631385275527,0.019248629595734066,0.03437840968342956,0.025682754711991176,0.02572207643059723
1550.3385009765625,0.027886568108555696,0.016726440430619,0.03439570568147879,0.027316988925408722,0.02886415977859858
1550.3424072265627,0.025142635922045856,0.016069114255646857,0.03728337969287082,0.02771949875007765,0.025997086798917997
1550.3464355468752,0.02415816014789763,0.01813581813598617,0.035480578755302014,0.028192922256284857,0.027663440129088748
1550.350341796875,0.022745373774534637,0.017384007410389337,0.03541885258984967,0.025500462376212958,0.026206839554830552
1550.354248046875,0.024148040925636167,0.018413555603564807,0.03742728300781233,0.02752216684295345,0.02545251408287157
1550.3581542968752,0.025073698890766216,0.01655545199676507,0.033107489123230985,0.027845886874803244,0.02532207969196398
1550.362060546875,0.02532962781513648,0.016252100160785925,0.03676339616728898,0.025111561838005926,0.024254232645823257
1550.365966796875,0.023768983803824657,0.01721777964433351,0.035600653214097985,0.028320536008053242,0.023570582580529728
1550.3698730468752,0.023942784852449616,0.01722752045382631,0.03357844794234553,0.02772711629574758,0.024555492417469224
1550.3737792968752,0.022345526554192405,0.018818770694204123,0.03504055033007347,0.02631281061676668,0.02571826334276885
1550.377685546875,0.023664507294737264,0.016329288582672588,0.03471462876784686,0.028868204339126406,0.0269118020080495
1550.381591796875,0.020810620129995648,0.014501886640232841,0.03480536121270664,0.0284752510323426,0.026177177305843992
1550.3854980468752,0.020598369603121208,0.01604158436628024,0.03352771251267436,0.028830423466108975,0.026397448185745676
1550.389404296875,0.022637685551250515,0.017655698814867553,0.035949087460924165,0.027306333159136813,0.026576137576992523
1550.393310546875,0.02066432198351812,0.01833664191229021,0.03383881628249481,0.03008053784525266,0.02545714233799827
1550.3972167968752,0.021414884168007024,0.01829674985664065,0.0338798362003427,0.028821615431040844,0.02581518618966701
1550.4011230468752,0.020071642324867613,0.019043010493612983,0.033414888760712885,0.031355406174384384,0.026737198294429585
1550.405029296875,0.01876147729551138,0.018027587542464557,0.03318521302779688,0.029519929843412344,0.026154118767000974
1550.4090576171875,0.020108166347485107,0.019306964438943912,0.03470589894977823,0.029277274259783014,0.028026221324192156
1550.4129638671875,0.020786320005324155,0.019928048953771073,0.03374717099671393,0.02931292161277111,0.02771579401356726
1550.4168701171877,0.013329403594171728,0.019992481865638904,0.035998689506408596,0.02861107170219381,0.025199751661717007
1550.4207763671875,0.018380743546966734,0.021679944481641115,0.033315881227665656,0.02962062820907408,0.02603143475880516
1550.4246826171875,0.019060677137284182,0.019818083682657493,0.032780307212350215,0.028692030270278387,0.024689935841038763
1550.4285888671877,0.020320212762475715,0.023464550160422523,0.030694475192261757,0.029218901355535034,0.027925108679693132
1550.4324951171877,0.020078937654764147,0.022796294521967728,0.030369817763382354,0.028180167677830024,0.02424257329100135
1550.4364013671875,0.019853930287041445,0.022795023817702743,0.03264076198291547,0.02727861832853827,0.027736766499060657
1550.4403076171875,0.0188057671340194,0.027450703792838323,0.031782605959811874,0.026448065046492532,0.027598711308919867
1550.4442138671877,0.017384151233142523,0.025953062907507103,0.030829732035350655,0.02656494493805698,0.024819233066304708
1550.4481201171875,0.01727200617374049,0.025883091017949805,0.03170757968877895,0.02694321038632455,0.026522443345828536
1550.4520263671875,0.018456701537097494,0.026095165924100605,0.030545944020383797,0.026610197330118282,0.02629100896167579
1550.4559326171877,0.019632258009256137,0.026435218909189616,0.02885872783264278,0.02786672954803622,0.02557795692503327
1550.4598388671877,0.019674704081672927,0.026091781771624724,0.029598261511871494,0.024485986641616615,0.026139683966781666
1550.4637451171875,0.019141272271539462,0.023423624452834448,0.02869437292661517,0.024778932286797655,0.02358466712418518
1550.4676513671875,0.01946915346793132,0.025413268012699934,0.030222213440167935,0.025446615882661446,0.024378574495731033
1550.4716796875,0.02202593719078271,0.02599456939100498,0.030040228981458757,0.023113746572592117,0.025376626725661895
1550.4755859375002,0.02272040096037137,0.024164257702352046,0.030292587135590084,0.02400370418303819,0.022542269807802832
1550.4794921875,0.01920203656326853,0.02594932131489816,0.030501431692030352,0.02316612637438202,0.024533593773344124
1550.4833984375,0.020848483883356993,0.022914127304959554,0.027308141286634467,0.025852595107952424,0.02676716247431973
1550.4873046875002,0.020440082531325038,0.02490206529762004,0.030319030824327957,0.025055080450844605,0.026021860036138714
1550.4912109375002,0.020974092021229677,0.026578655522982268,0.029896544270197903,0.02274323922136017,0.02474111697076462
1550.4951171875,0.01962239170466099,0.02736190652567027,0.030709687872887022,0.02237159743445577,0.024000596616388786
1550.4990234375,0.018982250314215066,0.026501657721365895,0.028192698005657296,0.023514504794258116,0.022778635718330432
1550.5029296875002,0.020652658632547977,0.027286742026359417,0.02972798210389884,0.022235476310166327,0.024924045850320167
1550.5068359375,0.021035936686828433,0.026095521918525585,0.02821809163284789,0.02086630408490939,0.025341910117854343
1550.5107421875,0.02248453776554961,0.02795053432461865,0.026105270886064517,0.023802532247875673,0.024202154874521514
1550.5146484375002,0.019978798775811414,0.02757183090112736,0.027802584100376424,0.022267352824977004,0.022665141608215072
1550.5185546875,0.020966501074774244,0.023632480077331215,0.02987513625670445,0.022225920213702434,0.024368336671397317
1550.5224609375,0.021336049908775162,0.027777019299998103,0.029845261092392376,0.02089204394823789,0.023469430090250338
1550.5263671875002,0.022292441318115683,0.030552922922360524,0.030445953415908198,0.024157888467407546,0.027358236447493228
1550.5302734375002,0.022439204337279913,0.026699828990043598,0.027755606195983558,0.021988458891424728,0.024298699518198255
1550.5343017578127,0.021911863732247204,0.026933311014393328,0.02513539507308493,0.02226922986060992,0.02428700133172905
1550.5382080078125,0.02094444133340438,0.024907643037453665,0.026124605047703045,0.022464817306969913,0.02699189708701069
1550.5421142578125,0.021262321105528587,0.02890908231426946,0.026488729343867472,0.022349770811490775,0.023272390931499694
1550.5460205078127,0.024601363593486775,0.027162068044179373,0.027718162500620497,0.02320774776473173,0.02389903362906458
1550.5499267578125,0.02475301807147214,0.02568787878311838,0.02424446381189107,0.02177744393740885,0.02548737202380493
1550.5538330078125,0.023597281816333686,0.029139847549854762,0.02681646512474735,0.02148654667107372,0.027930322897824055
1550.5577392578127,0.024439418494569556,0.02811899402136265,0.027721473708225437,0.023105985510981017,0.022643629834718716
1550.5616455078127,0.025781289307328176,0.025277349405484435,0.028070016517743854,0.019988793529094363,0.026951191186699936
1550.5655517578125,0.024929233590839615,0.025166034807551776,0.0255098100665513,0.026161346529940663,0.023360022060052697
1550.5694580078125,0.024471399927007614,0.02511459767340421,0.0258672400457604,0.02327469427392375,0.02520410065699878
1550.5733642578127,0.02692739544417066,0.026909639172085165,0.025316856293721244,0.023677737019396503,0.026385407873003655
1550.5772705078125,0.027783079850497973,0.027578107153081864,0.026511926035298047,0.02207987903866712,0.021222870416704682
1550.5811767578125,0.027624692005430468,0.025166446880337843,0.026237790194817305,0.023240119115684278,0.02470775772260789
1550.5850830078127,0.024652726980302957,0.02342812418307847,0.02787744193281161,0.0220893325190196,0.021369280628884872
1550.5889892578127,0.028745560093872188,0.026021218827189607,0.030367830561500844,0.024433623816074924,0.01962023147922828
1550.5928955078125,0.02735106387852002,0.023654384613918264,0.029046128020483036,0.023062551700172455,0.021760102802808195
1550.596923828125,0.028431800855186484,0.023792051427261374,0.028984418074824818,0.022202722581950603,0.022406095114759234
1550.600830078125,0.02575925673647256,0.02262448179676458,0.028939118103942372,0.02231372521805039,0.02013612899819247
1550.6047363281252,0.027914486463500334,0.02455984195717901,0.02794334651555854,0.021118764911605532,0.02145762956725662
1550.608642578125,0.028632402039057283,0.02580171932611422,0.028681984750697425,0.01914884949803819,0.018112773940403823
1550.612548828125,0.02821940600440716,0.02426133017084565,0.03143401515613849,0.019076528289843516,0.022885469059493645
1550.6164550781252,0.029251428776343083,0.02167532622555788,0.02987969144154229,0.022232297531181444,0.01839014096396266
1550.6203613281252,0.027449112460073435,0.020908266985504874,0.03001138604218817,0.023938959907317085,0.019833442994513506
1550.624267578125,0.028591254514500414,0.019411143321555926,0.026716693544332856,0.022156435520503483,0.021096998981520534
1550.628173828125,0.0293337267728641,0.020149519189934233,0.02850552400642145,0.022196683652681987,0.019420559321106503
1550.6320800781252,0.02825727976678244,0.022007264204256402,0.030808847505043632,0.021297215069397732,0.017162537205649985
1550.635986328125,0.03002425769869015,0.01956535497838481,0.032672589885336674,0.02219750761639261,0.01715381954327376
1550.639892578125,0.031004018913961127,0.02245856822221981,0.03078836686568166,0.022639469003259926,0.019826443676235928
1550.6437988281252,0.029100514600873668,0.02166242900516194,0.027898781072102072,0.020753926503370265,0.021212343992386237
1550.6477050781252,0.03073175121108967,0.02258465887579935,0.025645290887058463,0.024032068223957773,0.02009273466732355
1550.651611328125,0.026493849684306722,0.02318239786612335,0.031489621572360474,0.02316861733243856,0.019189007841018277
1550.655517578125,0.029932947013144223,0.02182184292460197,0.030124228785018234,0.02207744238848267,0.01782869460749399
1550.6595458984375,0.027065176526925416,0.021160137280661122,0.03045123049920917,0.023704775269011373,0.018537668789650033
1550.6634521484377,0.02678089609488104,0.02012572707857494,0.03099581661555535,0.022011507937444184,0.020400470135828738
1550.6673583984375,0.02663016283201956,0.022818783174499847,0.03167973642978435,0.022531309941508353,0.020115844564678756
1550.6712646484375,0.02777292143718252,0.023786023642072475,0.03310981131229514,0.024014496472245767,0.01912588744889976
1550.6751708984377,0.02715702932239887,0.021950518998646536,0.02939492682615267,0.026202686927321715,0.01888346883249445
1550.6790771484375,0.025288153449003016,0.01999541462851095,0.0330286891513466,0.02445485788460786,0.017409580220932534
1550.6829833984375,0.024179307712592503,0.021791207280608658,0.033666938348533945,0.024909585350028175,0.02066690991442764
1550.6868896484377,0.021722662342167194,0.018436874082164954,0.03467325838405199,0.026577299392749325,0.01833576539275568
1550.6907958984377,0.02590153886692114,0.019050626246414702,0.03524053693437876,0.024688583479596366,0.018691806364787435
1550.6947021484375,0.02405217227452909,0.021252259987432753,0.033592373249066824,0.02477028733815352,0.018818309438729138
1550.6986083984375,0.02417390163387381,0.01997679731960329,0.03447901063165211,0.02816537973682846,0.021101229137468147
1550.7025146484377,0.022038770048406375,0.01755773392369211,0.033942172994283926,0.027030453095806373,0.019068818748030507
1550.7064208984375,0.023145589056756212,0.01875617722457553,0.03526214882834217,0.028243591536655777,0.02029501273415358
1550.7103271484375,0.022539199557242873,0.019900530687827326,0.03558021915344031,0.02625696368735568,0.019072183852230043
1550.7142333984377,0.02296933316140185,0.019518473324634467,0.03507412926461497,0.029448790189409463,0.02127102197517137
1550.7181396484377,0.026320459091992314,0.02013113100694678,0.03627716081903206,0.026932478480633792,0.02178987964138847
1550.7221679687502,0.02326349308469856,0.019920671640937533,0.03883511664644359,0.02783705786129569,0.019809185393044666
1550.72607421875,0.02505547765030631,0.019263728136451604,0.03725457927159649,0.027991260060948445,0.018828914802334402
1550.72998046875,0.023214505997175373,0.020104596195763224,0.03605165543102304,0.027278876366019583,0.01870016512910664
1550.7338867187502,0.022735254710567546,0.019458526525261595,0.036303896661229844,0.028745620091326043,0.018455363021884247
1550.73779296875,0.024706413286589814,0.021091476908906198,0.03663415525825546,0.027879623601393753,0.0192798987658205
1550.74169921875,0.023722120601761376,0.019072033721452573,0.032255676311217715,0.03089207596552552,0.020131651600961066
1550.7456054687502,0.024070956891590757,0.020700142477430464,0.03729971612472513,0.027570687417538826,0.02070838055440955
1550.7495117187502,0.02545945938619236,0.02003718659267413,0.03543909012613404,0.029420770002311667,0.020767870956112423
1550.75341796875,0.025629471097168864,0.019052865836881424,0.03600475955928602,0.028973865803187896,0.021234262087550818
1550.75732421875,0.02589218948195189,0.018820122142199806,0.03818584195059771,0.027970402394890084,0.020387805328378514
1550.7612304687502,0.026363945063161136,0.021854827209901957,0.031988745716460154,0.030174531060095443,0.021845464268632528
1550.76513671875,0.023885405809265743,0.02249868163524024,0.03410255576413193,0.03209888019930214,0.023793712532379677
1550.76904296875,0.026017862620025693,0.020982990206310163,0.03637146725745011,0.03071616248131807,0.020991428090847645
1550.7729492187502,0.02459310756983798,0.02107831049634032,0.03655518623782892,0.03086670875247927,0.02240972892218088
1550.7768554687502,0.024788303318831063,0.022239413271353252,0.03728410440482226,0.03012153289075565,0.023411837082736302
1550.78076171875,0.02384632096021011,0.02175515119224801,0.03545811158092809,0.03167772398206237,0.024884983926104477
1550.7847900390625,0.02562096396126763,0.018803629177319772,0.03446814068308331,0.03334855856998496,0.021496899517125113
1550.7886962890625,0.02546651772010255,0.022265626518479235,0.03531552803832169,0.03174755771627125,0.024147779289903512
1550.7926025390627,0.026311715634761777,0.02106373517372791,0.036350404469796836,0.033901017875159964,0.023907530399015574
1550.7965087890625,0.023166851424817225,0.021002430845700873,0.03599390421334582,0.032617551073036016,0.02491444414652166
1550.8004150390625,0.023880490844646638,0.021025893565456054,0.03524759192445751,0.03250998455906832,0.024391069792470743
1550.8043212890627,0.019861999020264275,0.019832492681593247,0.03528962830715097,0.033885953155532035,0.024952079199391058
1550.8082275390627,0.02520333861423655,0.018251322492075374,0.03661350530844977,0.030149023069304094,0.02357394355080027
1550.8121337890625,0.022466390734288813,0.020894631797112574,0.03308337139211747,0.03137898267560246,0.02562331076956299
1550.8160400390625,0.02395815202799307,0.018237090241533072,0.0345611442945295,0.031190300151188424,0.027593698589324728
1550.8199462890627,0.02187987247480365,0.01966897383942121,0.03639956942886434,0.032939957102628925,0.02625029343737061
1550.8238525390625,0.021277029742179702,0.02139287994466082,0.03388116497947767,0.03286042223144452,0.026358830135564046
1550.8277587890625,0.024092138883897135,0.02214523054902855,0.030921144466446702,0.03241584957192815,0.026204454634206682
1550.8316650390627,0.02447126332156646,0.020253559994661663,0.03102612911918255,0.033730863286941845,0.02529480905645527
1550.8355712890625,0.022254333976254773,0.02154155883773769,0.03515354944225435,0.03215021021950135,0.023960366703436153
1550.8394775390625,0.02471683450838564,0.019622889269192596,0.03595285334934412,0.033357675823154506,0.02920220751540574
1550.8433837890627,0.022930702010784572,0.019360769686436942,0.03446308685339518,0.033583879104145745,0.026962766626438588
1550.8474121093752,0.02292477118524165,0.01753842900814158,0.035263492698094936,0.03561672723167577,0.029331283972391337
1550.8513183593752,0.025814809703914053,0.020392693955218186,0.03407998800818458,0.032719845328569835,0.029337294242541216
1550.855224609375,0.02329745980597338,0.018847341332696124,0.033113007030588254,0.03336385433910656,0.028989927282891934
1550.859130859375,0.025507190198063703,0.022727632824760775,0.032435750178652537,0.03267726085966889,0.02604633089325459
1550.8630371093752,0.02570542707773251,0.02187165142519411,0.033003014893751174,0.033211971162928094,0.028176592898636686
1550.866943359375,0.024535798377844864,0.01938459325385937,0.03448157890568451,0.03371343118886434,0.027476482858763276
1550.870849609375,0.02416592539967445,0.022541071643246875,0.03239207633997273,0.031769117145517466,0.02773627842393369
1550.8747558593752,0.02603688657124567,0.02423245049079664,0.03435664674718029,0.03203554268710756,0.02791725893160604
1550.8786621093752,0.023882082525714977,0.02018964453208341,0.0318941917947181,0.03281909240970683,0.029039144140250234
1550.882568359375,0.026580417627257047,0.0208711472724442,0.035022138146941426,0.029664595368057853,0.026253265485364847
1550.886474609375,0.026686782519012287,0.021348578875165655,0.03407321812302695,0.031684308884858146,0.029034735664121347
1550.8903808593752,0.027235387240369863,0.021598743818056612,0.03392533204102122,0.03082722511986657,0.025838407611019607
1550.894287109375,0.027985383843569855,0.023191650303310087,0.03221181552841894,0.03120131375436867,0.029905022056979754
1550.898193359375,0.026491705556140895,0.023664408335698592,0.03259131728053835,0.031466682414073716,0.02435141781763712
1550.9020996093752,0.025870574292146585,0.02579552871504686,0.032179712796477716,0.027881746011807707,0.025232375605956203
1550.9060058593752,0.026547651479470913,0.026273588150320618,0.03166554573858385,0.02981969222089244,0.026363935482719935
1550.9100341796877,0.027566278378460957,0.023170248336237285,0.03308681373281637,0.031014778526902664,0.027990647774761672
1550.9139404296875,0.029844623467883434,0.025117692379313127,0.03348229162228616,0.02894082741906444,0.023972056269930854
1550.9178466796875,0.026034257539538606,0.027599130036472755,0.0324822610570228,0.028226462424238683,0.026506858864069838
1550.9217529296877,0.028250681709342185,0.023438878836433856,0.03387905522621169,0.026903919879283117,0.025357791160175853
1550.9256591796875,0.02500212441772215,0.0260412967973178,0.030528091726850184,0.026851947006395795,0.02795672403140551
1550.9295654296875,0.025665935624597916,0.02694512694618615,0.031982418897087236,0.027282802127129614,0.02760385750458667
1550.9334716796877,0.02808979093825025,0.029329148411034366,0.03004355846274797,0.028267218645828193,0.027960351467733922
1550.9373779296877,0.02778426554353379,0.027571654602688886,0.03182350645171743,0.028846486044783126,0.02691044568143284
1550.9412841796875,0.026382076282644315,0.029357410682560252,0.029863828162454677,0.026871094764516018,0.027019994564996982
1550.9451904296875,0.0252889033434138,0.030119525657348975,0.029469773464491852,0.024162946171359483,0.02673748308499564
1550.9490966796877,0.02877212555021635,0.029695695652861905,0.028709264210565827,0.026728033326705414,0.026968041307882967
1550.9530029296875,0.0266382213186264,0.02940060012491602,0.031022134999023593,0.02878060186758625,0.027073759708482893
1550.9569091796875,0.027764617842375165,0.030780725569329502,0.03113619214916488,0.028305361533016816,0.02815745033777366
1550.9608154296877,0.028537099533598117,0.02987598545516367,0.029659454289444276,0.025559733999979677,0.02932980740376806
1550.9647216796875,0.0301306832670088,0.028529153023451978,0.03277667592356481,0.030730222802847387,0.028467165751125702
1550.9686279296875,0.026587900868719434,0.030660612786151113,0.03123552747854083,0.02485787450138246,0.025870420278406678
1550.97265625,0.02930912074472318,0.031922966210057996,0.028515595898271465,0.02659877110838383,0.02739194009521379
1550.9765625,0.031090251215312385,0.031090269226151025,0.031602280677104064,0.02747936036541406,0.02561911246745603
1550.9804687500002,0.0293853813423277,0.03058449822275322,0.031001805334393045,0.029173472191333902,0.02853315044420477
1550.984375,0.03254850467765351,0.03253989213642587,0.030831112036580035,0.027670003881662894,0.026323523615954456
1550.98828125,0.03331923754334758,0.030634138234645017,0.034316564512281586,0.02784546919460661,0.027520077697628115
1550.9921875000002,0.03094777255010665,0.028143467273984313,0.030996917391122168,0.025463171362495284,0.026992603634291488
1550.99609375,0.031013098061583654,0.03019897295235585,0.030537400138994298,0.02570853024637229,0.027594946563500942
1551.0,0.030239560218723722,0.030006962776678435,0.03347338208261576,0.02575742392103047,0.024936080581688072
