wavelength_nm,spec_1,spec_2,spec_3,spec_4,spec_5,spec_6,spec_7
1549.0000000000002,0.020403905759568623,0.02034373061015681,0.02011664725113797,0.020237780958126735,0.020022859682343536,0.020087612199387213,0.01996987508834345
1549.0039062500002,0.020457564885633665,0.020381390864818237,0.02014204442774979,0.020237780958126735,0.020022859682343536,0.020087612199387213,0.01996987508834345
1549.0078125,0.02049739212589041,0.02041324411040897,0.02017039215005904,0.020237780958126735,0.020022859682343536,0.020087612199387213,0.01996987508834345
1549.01171875,0.02052275687472863,0.020439672290184376,0.020190384611537385,0.02026802148461228,0.020080385662370807,0.02011183956471243,0.02000061570195687
1549.0156250000002,0.0205336046345394,0.02046474444125529,0.020202443053159547,0.020338618563730152,0.020220458961338554,0.020166303294093513,0.020071772587645583
1549.01953125,0.020530129765685967,0.020489743186481967,0.020212827426188896,0.020410770992021925,0.020370264385840053,0.02022031561797606,0.0201461206514007
1549.0234375,0.02051306596661911,0.020511831354920112,0.020215435749480325,0.020483292324739527,0.020527959926391823,0.020273203286941103,0.02022426790276665
1549.0273437500002,0.020484987176438037,0.020532290776066383,0.020211023873848478,0.02055480600371009,0.02069174536637908,0.02032450686577212,0.020306400806370382
1549.0313720703127,0.020449050876356286,0.020553312331713258,0.020202214286786833,0.020625595994378146,0.02086116971260813,0.02037513977016618,0.0203943055911921
1549.0352783203127,0.020403891858194086,0.020573178954302853,0.020187488196165945,0.0206912228974667,0.021029401591726594,0.020421880404119627,0.02048408783726849
1549.0391845703125,0.02035555233267363,0.020594435511697123,0.020169955696321722,0.02075243858022925,0.021195394082403594,0.020466150755052735,0.020576794819394156
1549.0430908203125,0.020307735022206827,0.020617624774930454,0.020151224399725207,0.020808542694354122,0.021356239209872133,0.02050799092666102,0.020672789464557043
1549.0469970703127,0.020262854987922106,0.020643652836806754,0.020133662065141094,0.020858791909001338,0.021508420881063924,0.020547817680913346,0.02077112419364413
1549.0509033203125,0.020224753047073298,0.020672615718367735,0.02012007798020611,0.02090296093636374,0.02164892649717163,0.020586199284766484,0.020867882025179453
1549.0548095703125,0.020193849745900497,0.020704883387808994,0.02011664725113797,0.02094170959629148,0.021775747414215892,0.020630479267446697,0.02096292974835543
1549.0587158203127,0.020188855096900344,0.020740571693324297,0.02011664725113797,0.02097540931525224,0.02188797949480409,0.020676626068022074,0.021055618224932578
1549.0626220703127,0.020188855096900344,0.020780666214147536,0.020121432832947428,0.021004649814164698,0.021984367481789946,0.02072435613111063,0.02114827047294137
1549.0665283203125,0.020188855096900344,0.020824853614343487,0.02014426060718234,0.02103133662249045,0.022060791054408863,0.020774668273551795,0.021232565168448837
1549.0704345703125,0.02020565545490137,0.020870605374995427,0.020180884305198255,0.021056540857229487,0.02211690331873669,0.020828388001331084,0.021310706704854947
1549.0743408203127,0.020246551254282406,0.02091856975483931,0.020231659296931537,0.021081067081644235,0.022154854348603266,0.020886099857464865,0.021381467654861337
1549.0782470703125,0.020300049114233915,0.0209689371169531,0.020299036630367914,0.02110696009916639,0.022176690795992146,0.020947936722755776,0.02144597382066218
1549.0821533203125,0.020370611707815713,0.02102002149147793,0.02038278391212921,0.021134858212800346,0.022182589041520862,0.021014014675694904,0.021501100508009102
1549.0860595703127,0.02045596099265412,0.021071206845938505,0.020481196474902826,0.021166864938988044,0.02217428456171646,0.021083969242919658,0.02154248124577291
1549.0899658203127,0.020544265015057097,0.02112200053904565,0.020594938136352953,0.021204803096140725,0.022151466832222726,0.02115665524692526,0.021578030143499027
1549.0939941406252,0.02064256219139843,0.021168843568841803,0.02072403146834928,0.021249627050970426,0.022122866131552184,0.02123301924441388,0.02160914632198896
1549.097900390625,0.020744340578438995,0.021209912486515794,0.020863096272079475,0.021298684732543274,0.022085786816723414,0.021307874347575067,0.02163221475600457
1549.101806640625,0.02085202972600776,0.02124880121095809,0.02100974761066979,0.021356215109856268,0.02204434219043257,0.02138171758748343,0.021651915781182116
1549.1057128906252,0.020959498220317434,0.02127778700064043,0.021162682590828277,0.021418004664194596,0.0220032493573579,0.021453217312531286,0.021672739554298787
1549.109619140625,0.02106561710884299,0.021293326642803822,0.021318432805134083,0.021484509977020446,0.021959110517153033,0.02152164106401556,0.021689772361597748
1549.113525390625,0.021171797465643967,0.021303974782505324,0.021474997229734838,0.0215566747540046,0.021924333224315484,0.021585421374003093,0.02170439298821703
1549.1174316406252,0.021276443635612458,0.021303018972915932,0.021628717353315122,0.02163390614554946,0.02189259121727483,0.02164324791400763,0.02172681196646794
1549.121337890625,0.021379863196884494,0.021292830723361876,0.02177303098398701,0.021717322753230312,0.021874600385839195,0.02169539428209568,0.02176250183082746
1549.125244140625,0.021475176905112102,0.021265974990156106,0.021906557462420866,0.021804299358723904,0.021863549678409148,0.021740706965516315,0.02180765215737091
1549.1291503906252,0.021562717564494318,0.021224553043392724,0.02202916961385927,0.021892429156546555,0.021864886998690762,0.021778776057272985,0.02186255653032598
1549.1330566406252,0.0216463497239117,0.021169228167115733,0.022137638049768003,0.021979415507234652,0.021877638450056573,0.02181011445988907,0.021931908681798732
1549.136962890625,0.021723864392973462,0.02110758884294271,0.02223119087888148,0.022066212015245484,0.021902767107579244,0.021833871256221393,0.02201250648282143
1549.140869140625,0.021800635753525036,0.02103589633211273,0.022309410143772593,0.022151635847681945,0.021939920815389483,0.021846414763074865,0.022105748802217055
1549.1447753906252,0.02187558885637011,0.020948427893839855,0.02236949336606864,0.022234249980098514,0.021988376802209643,0.021850797372551176,0.022216629831716603
1549.148681640625,0.02193964142226569,0.020860135012577264,0.0224164422344912,0.022313176516887794,0.022039762906972703,0.021844744681462833,0.022336775809926965
1549.152587890625,0.022001870414639142,0.020768704410166584,0.02244891099483302,0.022391958825184178,0.0221004443590111,0.021830301693765698,0.022458156859192665
1549.1566162109375,0.022066044381083238,0.020656995989265087,0.02246946813222967,0.022461400838974604,0.02217514043241259,0.021810614736036404,0.022589860116471808
1549.1605224609377,0.022119382255110082,0.020557337974601096,0.022482138980783894,0.0225118292996583,0.022247145035927434,0.021775614059535257,0.022721947554639823
1549.1644287109377,0.02215546208170766,0.020457866259258245,0.022489902471585783,0.02255834982783936,0.022327485889638992,0.02173189011725703,0.022845607790361735
1549.1683349609375,0.022195823291732118,0.02036134357312958,0.02248604236556927,0.0225985748064649,0.022404468397615063,0.02168253346476758,0.02297726668117102
1549.1722412109375,0.02222672477599901,0.020270607176887466,0.02248255796261407,0.022632088714928215,0.02247625666427062,0.021628593774348715,0.023093797879968726
1549.1761474609377,0.022272419090347217,0.020185351909866086,0.022489693537744142,0.02265563640832546,0.02254571906331525,0.02157499220168055,0.023194963251386962
1549.1800537109375,0.022310869418679803,0.020124651362464205,0.02249284744394436,0.02267135498690968,0.022617699200280457,0.021518257323173383,0.023277132762375606
1549.1839599609375,0.02233210083976258,0.020065423714118173,0.022499459537840088,0.02267584736097961,0.022690699599415845,0.021462116438346,0.023346438031458375
1549.1878662109377,0.022334290482351794,0.02005470790939711,0.022519446027371503,0.02266458764883433,0.022760596187548134,0.021407805579760644,0.023408275501686154
1549.1917724609377,0.022350267892341322,0.02005470790939711,0.02254530506494207,0.022643404561841704,0.022822802628639585,0.021363783743903422,0.023456636433627102
1549.1956787109375,0.02236059552974351,0.02005470790939711,0.022572774663451426,0.022621343311705594,0.022891001958004795,0.02133778398216944,0.02349341002297345
1549.1995849609375,0.022374141210986857,0.020065512000128197,0.022612807596048744,0.022594806488667248,0.022961569033022017,0.021324287111985363,0.023516851004480574
1549.2034912109377,0.02238384618937467,0.020110858333065914,0.022658487597850392,0.02255743138943603,0.023008575271805515,0.021328110242744627,0.02352436063553242
1549.2073974609375,0.022382734963237862,0.020171235648977152,0.022701745139841245,0.022520603803895964,0.023068945192389567,0.021348937677635217,0.023540089833591907
1549.2113037109375,0.02236900671028983,0.02027095241122345,0.022754996807353132,0.022480469824927022,0.023114844646505282,0.021390380357137435,0.023563296481811588
1549.2152099609377,0.02237684845164188,0.02038194478814437,0.022808082192990374,0.022439940055428934,0.023149409723187464,0.021464593513384558,0.023584931309556977
1549.2192382812502,0.022381565797776004,0.020504614069046745,0.022860524067415268,0.022398652353366983,0.02319600250796422,0.021554188726329727,0.023603654109566496
1549.2231445312502,0.02238666390734006,0.020647430782970527,0.02291148793921814,0.022360342142414617,0.02322819730957367,0.0216512070577978,0.023629304620234076
1549.22705078125,0.0223877225633535,0.020807292428105587,0.022944370729297576,0.022334989229936836,0.023246210612780958,0.02177143405495161,0.023663236993463833
1549.23095703125,0.022400549569868443,0.020976799240669974,0.022965573171370133,0.022322825686598647,0.023259250632301557,0.02190356523647375,0.023694323749844547
1549.2348632812502,0.022423809432923537,0.02114741049644968,0.022988053135460266,0.022320260389188207,0.023252296849959952,0.022038166946219122,0.0237339681590992
1549.23876953125,0.02245099822359387,0.02130979079614494,0.022998519336866887,0.02232848761668136,0.023246722674979136,0.02217005364508318,0.02379586811522158
1549.24267578125,0.022487842779558825,0.021473198726665508,0.022993785539239354,0.022357125710772446,0.023216609759645745,0.02231408335302585,0.023879866208338513
1549.2465820312502,0.022530359189290423,0.021641133844611898,0.02298494274868192,0.022395410756537722,0.023179551206938414,0.02245457198039365,0.02396833125087598
1549.2504882812502,0.022585867130704613,0.02180668839226097,0.022971995471805083,0.02245930161280957,0.02313299740115724,0.022591670559324328,0.0240345753569034
1549.25439453125,0.02266438001849819,0.02195537594019262,0.022913456725587422,0.02254370019968567,0.0231059898431854,0.02271632840381341,0.024092253288961498
1549.25830078125,0.022743062364542106,0.022071996263725906,0.022872465380458847,0.022647905547526125,0.023049081184633422,0.022834119735583854,0.024160471722798612
1549.2622070312502,0.022803210251155916,0.02218306718194932,0.022815981316194275,0.022763791802396887,0.022990012843879838,0.0229523608866367,0.024210396361042323
1549.26611328125,0.022867951753848623,0.022294394291910182,0.022751627876824786,0.022893264292926985,0.022926391799233736,0.02305842040351542,0.02427421941248717
1549.27001953125,0.022967461124286416,0.022371985606610457,0.022695286811567874,0.02305617005632907,0.022854215652671532,0.023156321860015653,0.02431154463225392
1549.2739257812502,0.02309662387444793,0.02242842352206258,0.0226511266136956,0.023225474061682554,0.022787373163264034,0.023245886325164108,0.024336579939621177
1549.27783203125,0.02322584539983858,0.022475446032012594,0.02257782691479978,0.023398547666175183,0.02275939540020745,0.02332802515338501,0.02437051652351181
1549.2818603515625,0.02333564156174104,0.022518646160681152,0.022551887142963065,0.023601054070150312,0.0227179189380392,0.02340826417379908,0.024387269229139735
1549.2857666015625,0.023440235333598722,0.02255509067232147,0.022499533884377747,0.02379159082724018,0.02266955175054086,0.02349483503604335,0.024388768468120433
1549.2896728515627,0.023551945536551974,0.02257903484098049,0.022469066584478295,0.023970764363233366,0.02263768214769237,0.023557494712812592,0.0243592160845668
1549.2935791015627,0.023694571329304488,0.022601971432576348,0.022438520379337957,0.024187035439109886,0.022651776744024327,0.023639257619778246,0.024318871377742735
1549.2974853515625,0.02379631975790625,0.022612112068759207,0.022436830016563776,0.024395575722641165,0.02267057920940783,0.023730165448795006,0.024259213113966695
1549.3013916015625,0.023960463097820864,0.0226054767053139,0.022411190826771853,0.024582119282503544,0.022703566119218706,0.023819544364657257,0.024195889651458764
1549.3052978515627,0.024072774295369925,0.022600059296466964,0.022424160460490283,0.024789039692200705,0.022748753580388116,0.023913263246886293,0.024137217464201735
1549.3092041015625,0.024168742765269043,0.02258854624452364,0.022450185916734207,0.02498314132750987,0.022843466271141023,0.024035146119259002,0.024084632462170096
1549.3131103515625,0.02426316669772756,0.022580235887285385,0.022503624970110984,0.02515229815443854,0.022968441158489963,0.02415529245389418,0.024012210742100908
1549.3170166015627,0.024359429700279663,0.022590810160869217,0.022577736643350197,0.02531552889374869,0.02304367468940643,0.024265703116399622,0.023951339069304883
1549.3209228515627,0.024447426187221278,0.022598363836602985,0.022651531352185172,0.025438421075218882,0.02312932001928146,0.02438493033297629,0.023916807053380437
1549.3248291015625,0.024505571115936178,0.022611567158611064,0.022730669312710894,0.025554634885445182,0.023235850682190123,0.024511778997334546,0.0238818392460837
1549.3287353515625,0.024595488206351542,0.022629825379832897,0.02284060078144849,0.02568343294251368,0.023363137453864993,0.024638674997478755,0.02386137027948981
1549.3326416015627,0.02468178811879004,0.022644733050361698,0.022962492299862136,0.025800636973297167,0.02349662183888348,0.024774713837434657,0.023875288038620105
1549.3365478515625,0.02474618240958929,0.022670649737789213,0.02307188040225683,0.02589870891668673,0.02362212634857826,0.024902296276946703,0.02390818560751029
1549.3404541015625,0.024823357792150554,0.0227120540104085,0.023194054634768833,0.02595527346742512,0.02375116524031133,0.0250140220459679,0.02396510397227751
1549.344482421875,0.02488867074765682,0.02274818910088656,0.023342396551719158,0.02601493589642018,0.023862287413634425,0.02512531873493013,0.024038624446845618
1549.3483886718752,0.02494966082773413,0.022801804385178728,0.023493695453046,0.02605010916949015,0.023965567717220297,0.025244250888492126,0.024117383998756403
1549.3522949218752,0.024988257409585515,0.02282642435372805,0.023625898791226202,0.02610526042689261,0.024088872681931058,0.025334199865680376,0.02425691486495259
1549.356201171875,0.025046042948092154,0.022870732278572104,0.023779210137050505,0.02612609705623939,0.024216576953800414,0.025399667280746017,0.02444306708023372
1549.360107421875,0.025104047144142563,0.022919203822008342,0.023953998753246608,0.026152817901478047,0.024308329830556072,0.025495711933749977,0.024567826235628944
1549.3640136718752,0.025141610950938687,0.02296354319172842,0.024109616920885778,0.026155161772560515,0.024357530228713682,0.025562666515847404,0.02475305305548916
1549.367919921875,0.02517599358885911,0.022978607208384606,0.0242854062588243,0.026123000540434742,0.024433024743008402,0.025637082295581377,0.024931115772185368
1549.371826171875,0.02521418488378004,0.022978441628448358,0.024450667268771285,0.02609157989243581,0.024521297407941497,0.025730257128494836,0.02512209575561169
1549.3757324218752,0.02526942265851483,0.023010046312954537,0.024549116554700948,0.02606781504483626,0.024589547863207117,0.025798432409368615,0.02534866639388025
1549.3796386718752,0.025277983000340287,0.0230385982917389,0.024644491035219127,0.02604873445749079,0.02467037514027528,0.025876899729994202,0.02556286617171736
1549.383544921875,0.025252676214994437,0.02309141055940743,0.024771993028763324,0.02603291370477048,0.02473855655359779,0.025971396728069942,0.025817626030350822
1549.387451171875,0.025237568097853675,0.02311484040000796,0.02488685062638046,0.026003399867998142,0.024774858095749103,0.02605353039450466,0.026050147598835074
1549.3913574218752,0.025234539227670178,0.023134580665832377,0.024969137808856408,0.025943569206073953,0.02481372651517019,0.026157024673891915,0.02621639351915514
1549.395263671875,0.02522254216160455,0.023124650942236,0.025048048720467994,0.025939185243471555,0.024865462815141973,0.02628992723147474,0.026371235488409823
1549.399169921875,0.025188082258414114,0.023100941469663707,0.025136892313059038,0.02595264026708706,0.024917274323096154,0.026451703832559462,0.026522173741535243
1549.4030761718752,0.025141286962283405,0.023089940073739858,0.025177222732069515,0.025994198589586463,0.024955909608125385,0.026627287610589433,0.02667062660802315
1549.4071044921877,0.025094397674295166,0.023069520706322125,0.025176243823556786,0.025983440725043862,0.02497853282454358,0.026783576322454133,0.02681560342643258
1549.4110107421877,0.025070695021638924,0.02307374767377721,0.025208031507240165,0.025975403062739932,0.02502236916652506,0.026918772607758837,0.02696204910501854
1549.4149169921875,0.02499788272000824,0.023076428967845536,0.025211440732044815,0.02598354950832892,0.025075260373773403,0.02707794548632686,0.02708744788245028
1549.4188232421875,0.02498655056014382,0.023030336538476973,0.025217018116029197,0.026055042597790144,0.02510656148699645,0.027258213929310403,0.027156416889988242
1549.4227294921877,0.024949707889154835,0.02304723649691264,0.02521284531462871,0.02607054525387431,0.02514090532139881,0.02743601494131091,0.027213068895797863
1549.4266357421875,0.024863790340674922,0.023004262145154008,0.025227784713961938,0.026146245390845816,0.025173423322658074,0.02762458118481784,0.02727197341031463
1549.4305419921875,0.024766127510780205,0.022995853605118598,0.025254159393569946,0.026207501817512937,0.025222734165494767,0.02779033540684534,0.027303132194403775
1549.4344482421877,0.02471132853373743,0.022910273085807294,0.025281737586366735,0.026261122906601975,0.025264519889280995,0.027898763294417935,0.02731911477043483
1549.4383544921875,0.02468984929146819,0.022860998707923783,0.025268028664931483,0.026311160525580562,0.025313721173906786,0.02801647041933204,0.027319734568990704
1549.4422607421875,0.024630020771533857,0.022866264193790703,0.02524171474048677,0.026384754639518147,0.025393920359214124,0.02814080650766627,0.027322918048635424
1549.4461669921877,0.024634298908128766,0.022841554238666094,0.02525967271693732,0.02644154214465601,0.025449491443451634,0.028262869000936535,0.027297325654045152
1549.4500732421877,0.024586719178598847,0.02287780384676856,0.025282993755967584,0.026485225372433772,0.025485851341910684,0.028375154618038512,0.027255675718173885
1549.4539794921875,0.024582041588621602,0.02289947600836881,0.025348072079729445,0.026566192193842306,0.02554820402221389,0.02838203320174891,0.027224452090216858
1549.4578857421875,0.0246197595568293,0.022811210835235355,0.025342201651909355,0.02665643739550058,0.025625701256003695,0.028381153553543405,0.027211000925449348
1549.4617919921877,0.02464385160165007,0.022803245881226997,0.025364984979396116,0.026769186890244868,0.025735411899020462,0.028355054170449066,0.02713122503031477
1549.4656982421875,0.024656831189099636,0.022779350022123706,0.02532584392083926,0.026868957425167504,0.02580222938475892,0.0283298377469861,0.02712455258393819
1549.4697265625,0.02473324948759942,0.022806518989926503,0.025384672359723828,0.026940582414986307,0.02589073283121998,0.028285528542813958,0.027121190122643676
1549.4736328125,0.024845789859693563,0.022831824544596466,0.025360263846453002,0.027030132563587092,0.02597218711570021,0.028230177283156938,0.02714294107229935
1549.4775390625002,0.02493263345134176,0.022897581902062918,0.025394817548882172,0.02711746955353697,0.02610784755256899,0.02814961833849626,0.027132267539919264
1549.4814453125002,0.02504641678025525,0.022976233848630408,0.025386456864844937,0.027233260376252184,0.026151609663261594,0.02805482073708031,0.027115571464257814
1549.4853515625,0.02516187221750179,0.02304011341210795,0.02535769785537928,0.02737870410958965,0.026223029016433478,0.02795689273178835,0.027151896551668078
1549.4892578125,0.025205582348616674,0.023071789605916493,0.025321332130412363,0.02751817315275005,0.026302362271005714,0.027840555318358853,0.027169929683428705
1549.4931640625002,0.02527527785932549,0.023155222162780018,0.025276664337289076,0.027648615737918904,0.02640285316260617,0.027699900130819896,0.027206367356426606
1549.4970703125,0.025407448399387328,0.023277466522650014,0.025297015366973593,0.02781846002888652,0.026505442727419143,0.02760022938920427,0.02729530096320383
1549.5009765625,0.025519741753847285,0.023303789387067435,0.025280475975872577,0.028027645802406284,0.026545015673651792,0.027554069316774493,0.027394575948617387
1549.5048828125002,0.025610390912744505,0.0233742893019902,0.025212857557364864,0.02821388472818741,0.02658788779800996,0.027445770955636384,0.02743853224652027
1549.5087890625002,0.025696848919964297,0.023422274954159217,0.025202094867548614,0.028365828617299943,0.026708732264183334,0.02739310604260862,0.02748357434481868
1549.5126953125,0.025802448942789085,0.02349508442171803,0.025205698866862993,0.028519466876666493,0.026814404480339973,0.027359423561695857,0.02756197634555382
1549.5166015625,0.02579414187796754,0.02357287387970112,0.025228406350224185,0.028685001124434423,0.026836739635527348,0.0272878586954719,0.02765920357235617
1549.5205078125002,0.025893345529548483,0.023680241657700142,0.025220002651956435,0.028855872810993846,0.026845113541523205,0.027242584093444277,0.02777200763254129
1549.5244140625,0.02600727446624012,0.023737422113327713,0.025223125364930696,0.029029478089814504,0.026918181407443762,0.02722215365452349,0.027903511724498023
1549.5283203125,0.026017931003616674,0.02374312403783179,0.02517534909677889,0.02917192131618011,0.02702923467869759,0.02729839474030544,0.02804876043983983
1549.5323486328125,0.026118695175120245,0.02383718663012903,0.025121353592942954,0.029293038797381758,0.027074419163203044,0.027338071802777798,0.02820303225039566
1549.5362548828127,0.026178654554170424,0.023856266227885815,0.025175002435366852,0.029385587274923065,0.02710469507101588,0.027370193779727513,0.02831217199101717
1549.5401611328127,0.0261784556966027,0.02384656832913179,0.02519842486628444,0.029493806923551625,0.027184695144086855,0.027520150829735555,0.028320740793697567
1549.5440673828125,0.026214499627032,0.023916106137928588,0.02526554839867935,0.02961463170706301,0.027274365136545898,0.027684677145018453,0.02835145630330424
1549.5479736328125,0.026249485811914705,0.024016302298938363,0.02537643441396038,0.0296932402803607,0.027278676961546414,0.027757234075219222,0.0284378293891479
1549.5518798828127,0.026309618100288003,0.023991839025351798,0.02538897476216807,0.029777358442886693,0.027298552714753545,0.02783476874260378,0.028524836197637262
1549.5557861328125,0.026426049419999584,0.023974230206441943,0.025454462579964057,0.029848741109359173,0.0273466760791762,0.027972554700769203,0.028520045558469025
1549.5596923828125,0.02654726209305096,0.023992432689313635,0.025497371778984448,0.029902855713443716,0.02751893815486408,0.028109352218325886,0.028610574937691244
1549.5635986328127,0.02656125826997485,0.024014623850127054,0.02553184063398536,0.02991162812683683,0.02763021918623246,0.028262068759305235,0.02865916336066889
1549.5675048828127,0.026567873376555848,0.024048096191171944,0.02560023490555186,0.029908947479966225,0.027624028878354384,0.028455633682566237,0.028711469531523107
1549.5714111328125,0.02665383751957394,0.024058733518495082,0.02566321404360272,0.02995756612203977,0.027703687806824,0.028619904356548306,0.028624474922706505
1549.5753173828125,0.026727861842569284,0.02405172784637577,0.025745131928814655,0.030020286498981787,0.02781056074674693,0.02878982495406955,0.0286016255604626
1549.5792236328127,0.0267411681812078,0.024027726351217,0.02578729816027411,0.030021088854674378,0.027918985965452194,0.02896357061301033,0.028594781280987264
1549.5831298828125,0.026783537131491855,0.02404722124747127,0.025834596699518268,0.030008755233687668,0.028021952191648623,0.029119184071482385,0.028619241353661475
1549.5870361328125,0.026858610608683275,0.024092133399219735,0.025913009854838766,0.03005360000347869,0.02808962132828078,0.02923843550253587,0.028648226122376493
1549.5909423828127,0.026965014302218083,0.024116793621280493,0.025927194360418106,0.030061285163191558,0.028113437253064207,0.029438192166287697,0.028656969192311987
1549.5949707031252,0.02705038210870498,0.024095273583942686,0.025947410162208737,0.030126328549655218,0.02817686660286758,0.029606632688414118,0.028599156451936374
1549.598876953125,0.02703635641953387,0.024096348046606365,0.025938871049465823,0.030233117109552815,0.0283585388503375,0.029715328083438776,0.028570196486513114
1549.602783203125,0.02704219200822632,0.024110652910025936,0.025906406264316097,0.03028539844903258,0.02838344483369288,0.02987242806859535,0.02858081448891871
1549.6066894531252,0.027090037191265934,0.02415343339308474,0.025873464580069297,0.030309248579804268,0.028326640845279343,0.030011116966268354,0.02864816801038023
1549.6105957031252,0.027180321372377903,0.024117689639770994,0.02584759662663049,0.030364309354816706,0.02842225589443958,0.030170547462649907,0.02873261485688297
1549.614501953125,0.027266047777493765,0.02414763384257959,0.02582125540843638,0.030366758502107016,0.028406099874020735,0.030267516577959442,0.02877156435919925
1549.618408203125,0.02730837337471052,0.024132161474978552,0.0258024459946944,0.03036727945679504,0.028426345616277878,0.03031305406039281,0.028780559695146552
1549.6223144531252,0.02736225823983439,0.024169922085707302,0.02576794252841015,0.030372209874357733,0.028433019953600962,0.030393345084101086,0.0288385307392679
1549.626220703125,0.027415918849414408,0.02417387597185887,0.025716713678470404,0.03041933752014051,0.028337062189935917,0.030502184841341397,0.028935253697239424
1549.630126953125,0.02745594557638046,0.02418573908051355,0.025655991234450545,0.03043788024577523,0.02826354339515313,0.03056063582334008,0.029026992188520173
1549.6340332031252,0.027444132195532565,0.024143778942206724,0.02566968699981874,0.030466798644351565,0.02825072692610293,0.0305797429111177,0.029154406437514713
1549.6379394531252,0.027518174174386945,0.024155411242972803,0.02572724621739635,0.03047574219439065,0.028092371475439287,0.030603196642154277,0.029209701836234066
1549.641845703125,0.027476418605656614,0.02415159093895332,0.025718362176891857,0.030499688452515057,0.0280904349528266,0.03069812700783459,0.029287597118365056
1549.645751953125,0.027537295461818132,0.024215704601080412,0.0257201453932524,0.030561514995539066,0.02798596304500276,0.030749123411218115,0.029362474997466435
1549.6496582031252,0.027570134974940215,0.024189762169423066,0.02580289587780778,0.030618132357732145,0.028030691077523474,0.030725865669462765,0.029387222118051667
1549.653564453125,0.027575850821632563,0.02413209107947429,0.025857994575792586,0.03061969550239256,0.027975390616920746,0.030799260761808736,0.029434298774747857
1549.6575927734375,0.02765995053749899,0.024181459777146943,0.025812299204320033,0.03062225396567949,0.02779665992155081,0.03090334768285774,0.029552266336350295
1549.6614990234375,0.02766699028242477,0.024173969080448512,0.02578492325528421,0.030609062044022348,0.027815397531184317,0.030967341968440063,0.029585828908157252
1549.6654052734377,0.02766323429486462,0.024222750596635135,0.02585757438709044,0.03061950562273383,0.027782957854525666,0.031019726023868408,0.02962684073787234
1549.6693115234377,0.027648445550882757,0.024248507157087446,0.02592620163975656,0.030658468727573468,0.02772187758526669,0.031040109971651977,0.029682992364776863
1549.6732177734375,0.027706050708545454,0.024244012326586527,0.025969197953931416,0.03067962339111093,0.027787892819303668,0.031082974768817457,0.029701247030636244
1549.6771240234375,0.027800095004591692,0.024279545094839882,0.026101224300614987,0.030746753647380175,0.027780850364300398,0.03116891374502274,0.029805550085984227
1549.6810302734377,0.027811367391296186,0.024334666098637762,0.02615062242993482,0.030827963459885893,0.027859185195748898,0.031144714686811324,0.029904816020438773
1549.6849365234375,0.027749140544771334,0.024454397855425348,0.026259115486557474,0.030873801028882597,0.02789791472114746,0.0311273534596031,0.02991575802204752
1549.6888427734375,0.02784346744213167,0.02446759971232119,0.026353787288795005,0.030916990774944166,0.027895092193329786,0.031154947497052693,0.029954018468110515
1549.6927490234377,0.028050165585431514,0.024462024388434887,0.026439344043246094,0.03097663913493378,0.028012637723795378,0.031153435607594076,0.03007921246322225
1549.6966552734377,0.028213566138529874,0.024593720441883446,0.026468220774860926,0.031098605976677417,0.028105613548875353,0.031185781481221468,0.030185057075605985
1549.7005615234375,0.028361544042131516,0.02480972795210768,0.02659063026420296,0.03128571918512499,0.028292822079858188,0.031206667042868275,0.03026188621451829
1549.7044677734375,0.02852646752882467,0.024986309514662675,0.02682754595592074,0.03143599482361062,0.028519054622052693,0.031203059676906623,0.030431559951590668
1549.7083740234377,0.028689636753394178,0.02500164997075593,0.026997052980749465,0.031588192442444554,0.028700493195864818,0.031153614572579754,0.03065752811059134
1549.7122802734375,0.02888337306316411,0.02526582313111232,0.02716286746106088,0.03181040380444707,0.028888863339166192,0.031157926063118527,0.030850768481782156
1549.7161865234375,0.02918909796813615,0.025534571759687406,0.027398797887640568,0.03206054034199552,0.029097895871512163,0.031195726584330057,0.03106845040223962
1549.72021484375,0.02965094645816012,0.025666963109234477,0.02766010926840391,0.03224560938752943,0.02935485003897725,0.03122366859629352,0.031436181076685936
1549.7241210937502,0.030211376156266595,0.025995099312854788,0.027960335202814553,0.03242818937003428,0.02962864104941345,0.031297527656965946,0.031947487637247
1549.7280273437502,0.03087713386645022,0.026416395201139958,0.02837534780357566,0.032752595149756245,0.029861455894378646,0.03138244298647561,0.032470968458330786
1549.73193359375,0.03166006983939783,0.026797144762867077,0.028768087560771802,0.03319988616611376,0.030170944917595567,0.03148761350629982,0.03293775061824384
1549.73583984375,0.03245643096061685,0.027242338814735853,0.02910504834142253,0.03369591873090584,0.030673310935835297,0.03164353557399073,0.033341453144692404
1549.7397460937502,0.03321568088221566,0.027782577001813767,0.02961696669864004,0.034162170492698,0.031219532995164126,0.031840116331553,0.03384440415418683
1549.74365234375,0.034258855165948496,0.028383088653219226,0.030276825183038633,0.03460515625644887,0.031704516827971,0.03218700334368402,0.034685997490263555
1549.74755859375,0.03567752350938952,0.028965424067638617,0.030957831794555076,0.035171038664180934,0.032248815829942185,0.032577204894299876,0.03568337602038552
1549.7514648437502,0.03715974995544515,0.029680186688712012,0.03168523500991119,0.035988830276831266,0.0329482050033439,0.032909267328353205,0.03663439574419892
1549.75537109375,0.03871490992147905,0.030802028178278665,0.03255253917502089,0.03696169703146499,0.03381588274808602,0.03331217056292702,0.03766598218868236
1549.75927734375,0.04045451837230305,0.032111663777253927,0.03354431585383918,0.03787848643998224,0.034762464866225924,0.033842794707969547,0.03874475921105296
1549.7631835937502,0.042390154401672674,0.03336792057633513,0.03480524671570738,0.038845504113229165,0.035598231372310454,0.03444424170094487,0.03984518500341631
1549.7670898437502,0.04451904305570545,0.03477997533638152,0.036296380530555915,0.04011659296985597,0.03650539203573703,0.03508870862205146,0.041117780861227235
1549.77099609375,0.04704056262037422,0.03644164195274885,0.03766284868711295,0.041630144586672004,0.03779464997063465,0.03584688170843117,0.042693780817488265
1549.77490234375,0.05000953217780469,0.03834240305841336,0.039065254066352334,0.04317477871282384,0.03938511846324736,0.036789245332653646,0.04452983994153069
1549.7788085937502,0.05315924504640411,0.040487056123717495,0.040800644711367906,0.04486782303843942,0.041081888060636944,0.03777108522370772,0.04655796713989817
1549.7828369140627,0.056508923936415295,0.04305378393381788,0.04296788663909437,0.046995229925539346,0.04289558022596533,0.03884821800452924,0.04880308909402994
1549.7867431640625,0.06017664512797707,0.04583628069804761,0.0453911496021163,0.049272617512462126,0.04479628272040659,0.04020625669798143,0.051281936229994184
1549.7906494140625,0.06445979452191303,0.048753223379517735,0.04795826712238304,0.05159952118344594,0.047005295906849744,0.041830952028903925,0.05404484880931676
1549.7945556640627,0.06913788560430642,0.052049794623976096,0.0506811637735176,0.05430765585749369,0.049680110783748635,0.04367862842548144,0.0569309133268942
1549.7984619140627,0.07413181868671762,0.05597748038443856,0.05382334368472005,0.05757455607642648,0.05266093166972509,0.04562880467659425,0.05999532426926426
1549.8023681640625,0.0798176928989043,0.06030104694695768,0.05743115344436599,0.060979494526124924,0.05579730494725879,0.04751514495983577,0.06349178991249549
1549.8062744140625,0.08619417800698533,0.06484777188383968,0.06129154196597061,0.06458042170380605,0.05932463577678893,0.04986766155056203,0.06738418516375061
1549.8101806640627,0.09272900531493658,0.07000823106571827,0.0657686049337943,0.0689420670869264,0.06335141667702938,0.05300800288902565,0.07142080678953333
1549.8140869140625,0.09961029713332739,0.0759259473050998,0.0710648152471915,0.07388168558218428,0.0676487417835997,0.05617981020418856,0.07586227712492301
1549.8179931640625,0.10778748518532091,0.08221266244830858,0.07651710781814805,0.07883856053486686,0.07235064771322439,0.059433958967686946,0.08120266501842612
1549.8218994140627,0.11704744890650744,0.08906544294974135,0.08213182413296984,0.0841927459633853,0.07790276769163489,0.06350773098360485,0.0868995178219654
1549.8258056640627,0.1260352415926571,0.09724452737238004,0.08896628150508698,0.09064369621268044,0.08395602891992895,0.06799753418089506,0.09234258829531732
1549.8297119140625,0.1354745229124505,0.10597920077102747,0.09675701257860267,0.09747523836295974,0.09007822010573761,0.07247028441740944,0.09825164184599003
1549.8336181640625,0.14641736874665973,0.11456134868748614,0.10445878549543214,0.10426452826973964,0.09679425071054427,0.07785285420207487,0.10512586708617183
1549.8375244140627,0.1581050689339385,0.1243198640922776,0.11291333776866126,0.1118186910921237,0.10425314387723153,0.08422149067005597,0.11279182504739182
1549.8414306640625,0.171112105071086,0.13550313616104875,0.12268917028267082,0.12038951893845666,0.112564277022676,0.09062068361112705,0.12117759357557427
1549.845458984375,0.1855578264904228,0.14787762690040573,0.13368844357196047,0.13038280789362616,0.1223903353996775,0.09762366054954671,0.1301607256418306
1549.849365234375,0.19978857549782675,0.16089395239542129,0.14530617699691137,0.14108208522502286,0.13251851734409223,0.10529428281016914,0.13912545114547575
1549.8532714843752,0.2146256484723618,0.17481109012102786,0.1575600316071835,0.15223885727404854,0.14282031993131675,0.11388717442678539,0.1487569091171665
1549.8571777343752,0.23043006116574563,0.18938324556554229,0.17049082345784566,0.1637530636769099,0.15386215015295165,0.12350122268261354,0.15889862276256989
1549.861083984375,0.24710060187171048,0.20460446302544058,0.18444757176060997,0.17600260294338213,0.1657404879266554,0.13386051799625726,0.16961523879331383
1549.864990234375,0.26481070130991013,0.22072073115453802,0.19917674638409436,0.18921555834060494,0.17829986460843394,0.14472295764601237,0.18145382182451292
1549.8688964843752,0.2837503194882744,0.23808034779047205,0.21466369916645153,0.2035128448444147,0.19185844186140372,0.15626762397123273,0.19412059552384106
1549.872802734375,0.3034536000543275,0.25675852921300485,0.231517189234124,0.21893485673251806,0.2064909056329374,0.16851692374623847,0.20736450653239702
1549.876708984375,0.32419577960622714,0.27630593900133216,0.24954638134217974,0.23509209276973544,0.2220306104329954,0.18174200721132228,0.22127311160084057
1549.8806152343752,0.34582268017877205,0.29705631117041076,0.2685616935379598,0.2524924332954607,0.23869430571301328,0.1961602658279286,0.2360086840801576
1549.884521484375,0.3682425454519049,0.31860136772264447,0.28850293931770643,0.27083974357618373,0.2559997871014835,0.2115099208828332,0.2516990757246703
1549.888427734375,0.39152194370384497,0.34109201856085936,0.3094714068947868,0.28999222528121693,0.2741988621824736,0.22795689470038735,0.2681498585998312
1549.8923339843752,0.41520734483654126,0.36481397961905887,0.33166762238883046,0.310255138051585,0.2932494368245331,0.24523293548108394,0.28526726041329226
1549.8962402343752,0.4399759905130296,0.38880056955089176,0.3542398570475678,0.33121152440708707,0.3128861093976659,0.2635244807700384,0.3032316207663668
1549.900146484375,0.46578785270511414,0.41415244235076054,0.3778801166870477,0.35379862403922124,0.33392151525360464,0.28264927257022293,0.3217371518616546
1549.904052734375,0.4918958646384206,0.4395730293480035,0.4021625751940781,0.37655588084528446,0.3552831748570327,0.3029021737736201,0.3412681103002118
1549.9080810546875,0.5201485663724771,0.46727216365478885,0.4284573811829996,0.40101083454340786,0.37904005237322635,0.3246305632558796,0.36282622806518655
1549.9119873046877,0.548322962775574,0.49597287065973195,0.45588738491937786,0.42671850117691473,0.4034020562451645,0.34681292196524793,0.38436054059982494
1549.9158935546875,0.5763071553425304,0.5240737452917945,0.48309009985024953,0.4526796227660181,0.42756719451557884,0.37078508374209035,0.406832399394675
1549.9197998046875,0.6051979525354382,0.5540183890249255,0.5115120165540412,0.480227159292809,0.4535423581442721,0.3952387805700413,0.4290184814065046
1549.9237060546877,0.6321579862995212,0.5818755265113936,0.5394650418836862,0.5067878660975415,0.47831096095862624,0.4210231788365633,0.45149133640051753
1549.9276123046877,0.6575427575277696,0.6083464660781545,0.5664955373701909,0.5326617145883087,0.5018476033038051,0.44651990808615105,0.47193089674897587
1549.9315185546875,0.6814109967252615,0.6327618325968014,0.591197858569447,0.5564164250703357,0.5238906891760952,0.47199124475412535,0.49236813375256877
1549.9354248046875,0.7088683855770643,0.6605538602778137,0.6173561051410409,0.582064227551464,0.5503571572517946,0.49536809593007985,0.5192369849659552
1549.9393310546877,0.7427614690917338,0.6966664616453454,0.6517655062759699,0.6160097741861503,0.5833801840218894,0.5207968229038884,0.5457142783684698
1549.9432373046875,0.7668832974776368,0.7216430386468056,0.6800966981096477,0.6439744928107721,0.6078820535258259,0.5529919796110425,0.5694673761976332
1549.9471435546875,0.7882905211974726,0.7443579680239061,0.7040214032735246,0.6682929461823911,0.6309117777389964,0.5804884213834036,0.5909978804029491
1549.9510498046877,0.8097241413419294,0.7674733277490697,0.7272558791383982,0.6915478202718063,0.653858964070951,0.6055662912780313,0.6122509572983788
1549.9549560546877,0.8316780737486772,0.7920394091151378,0.7520147435059208,0.716027199757809,0.6796129840598633,0.6295043383973404,0.6394052416817073
1549.9588623046875,0.863460935271518,0.8264935208736545,0.7866683869873456,0.7505689370679965,0.7134329897387197,0.6575866199229083,0.6645101567283903
1549.9627685546875,0.8756613416794409,0.8389980033330272,0.8049397036188768,0.7704873696964794,0.7304747200378713,0.6875342878656767,0.6871495810262849
1549.9666748046877,0.8968399394003537,0.8636254822532716,0.8290653588426121,0.7953136160365614,0.7587905981453221,0.7114316937531456,0.7141225281642254
1549.9707031250002,0.9246831014858784,0.8928247807328743,0.8601267107727004,0.8269370658419586,0.7901806073071058,0.7422864083289893,0.7380861328207089
1549.974609375,0.9223472192085688,0.8929373235586006,0.8663490632919963,0.8363639929014657,0.7981307344358214,0.7649647827261944,0.7589071201583782
1549.978515625,0.9525653932354367,0.9271191594750021,0.898649756397096,0.8680157750859868,0.8355441636732379,0.7894136822473706,0.7843683295369573
1549.9824218750002,0.9600421220080393,0.9333304265773604,0.912839141956249,0.8851737482300641,0.8494977615293102,0.8152030759581075,0.8024783123641297
1549.9863281250002,0.9522054012049606,0.9326042091865301,0.9138492511813717,0.8903422667641017,0.856175611745844,0.8284289950039873,0.8210539555506586
1549.990234375,0.9907940210422632,0.9750295394195674,0.9544427227665296,0.9295291118550423,0.9020675674510483,0.8595751113617334,0.8479407366838262
1549.994140625,0.9699404047164131,0.951127130542667,0.9430125094365716,0.9257105580527111,0.8915906987025366,0.8735428728809037,0.8581517919083694
1549.9980468750002,0.9656438779129163,0.958472038328786,0.9471635472312487,0.9319837669318033,0.9049598352693581,0.8819396933510516,0.8736074923231253
1550.001953125,0.9999999999989906,0.9954667783327565,0.9859263202146913,0.9691015155745032,0.9480751899913299,0.9157991955804787,0.9005421016583542
1550.005859375,0.9510723923091347,0.9458284180592321,0.9477707480388506,0.9424843023705878,0.911566932302054,0.9085649393642939,0.8988388886956161
1550.0097656250002,0.9634591471147613,0.9718991521355326,0.9658021195517965,0.957806060013335,0.9421391128903897,0.9214102185797445,0.9156266232573619
1550.0136718750002,0.9901428053765666,0.9999999999989972,0.9999999999989941,0.9926891216132994,0.9811641100881693,0.958568246825856,0.9465938436593699
1550.017578125,0.9209348002003238,0.9288511602897161,0.9388246126860584,0.9461218242100844,0.9198715333225996,0.9298262260389069,0.9299679264511816
1550.021484375,0.9411664463297706,0.9646595612301196,0.9671965338047291,0.9659332447945584,0.9594470787116436,0.947135794151043,0.9435278096168469
1550.0253906250002,0.9571222690141484,0.9830328324533467,0.9982724961165647,0.9999999999989881,0.995492364746845,0.9854769821223863,0.9786400211626972
1550.029296875,0.8736887148841341,0.8888653560828161,0.9154629097614363,0.9353166088540775,0.9109564453758531,0.9342612314363992,0.946227783519079
1550.0333251953125,0.8948710164327863,0.9216002590005732,0.9414188499563333,0.9535092290195255,0.951624386668972,0.950491545465157,0.9518623763615931
1550.0372314453125,0.9104990756075404,0.9479105955848118,0.9811398449979966,0.9983829332191604,0.9999999999989989,0.9999999999989957,0.9999999999990015
1550.0411376953127,0.8162867034215177,0.8363824258360006,0.8806033333990951,0.9196930000411149,0.8938450215223309,0.9320927781105041,0.958260839647293
1550.0450439453127,0.8170745466105881,0.8366392694537017,0.871624521912907,0.9032261291921307,0.8987688901924674,0.9186595891916969,0.929346513925372
1550.0489501953125,0.8471364960990225,0.8948574396112955,0.9361863107998011,0.9659403096622723,0.9801644361346157,0.9906144057148154,0.9890445107371398
1550.0528564453125,0.7577847575502193,0.7992886671322647,0.8475127174067654,0.9011969133496837,0.8852995638679686,0.9376091481029909,0.9681210088251372
1550.0567626953127,0.7226932054701481,0.7368293819204444,0.7748185314043385,0.8253207154058247,0.8179230861961369,0.8686472370825692,0.8935447318867881
1550.0606689453125,0.7686092437893894,0.8118164750680145,0.8539019484368737,0.8864950647241187,0.9191571551519677,0.9419378075843488,0.939418726306182
1550.0645751953125,0.7081351314867591,0.7823129912746987,0.8337042295745585,0.8837069660100543,0.8975474987906379,0.9518212597730975,0.9760004340143141
1550.0684814453127,0.6270209705543274,0.6608545664125479,0.7020812587298934,0.7671616099781552,0.7572463318029775,0.835489991380577,0.8831730325987739
1550.0723876953125,0.6551201312119489,0.66936407994568,0.7086254242138916,0.7532247242194455,0.7809813155582033,0.8232506121629153,0.8444121943635474
1550.0762939453125,0.6530964766943477,0.723295818857547,0.775131583794682,0.8148397826184114,0.861019755040101,0.8955247199786458,0.9140802698925851
1550.0802001953127,0.5592904444136609,0.6491265710466964,0.697874670680381,0.7610521334343675,0.769470616740025,0.8461552558200275,0.898412939893631
1550.0841064453127,0.5241130132572676,0.5507356189534859,0.5878288580201199,0.6527428727909782,0.654955264850858,0.7315794192765206,0.7878120298084569
1550.0880126953125,0.5578369398727105,0.5732385526001156,0.6182701100900928,0.6622088934749331,0.7066231560447925,0.7405944700325239,0.7772074132024627
1550.0919189453125,0.5231257425351782,0.6063347915469454,0.6601674867693471,0.7068847262194153,0.7547299727162498,0.7958587192883951,0.8380695474790729
1550.095947265625,0.4335322601902969,0.5362886557682321,0.5805087046886905,0.6466910801103654,0.6560193060339397,0.7426255675480229,0.8002292822727002
1550.0998535156252,0.41706829677040863,0.4506683645250721,0.48536182053431387,0.5501102257078576,0.556442984573665,0.6400817945488693,0.6955142882956872
1550.103759765625,0.4461158601185721,0.45349242939883244,0.4981685582053084,0.5449195232835009,0.589042223618945,0.6282369199010938,0.6787570804674531
1550.107666015625,0.4175186836433705,0.4845221581934929,0.5369285011257202,0.5834161180226846,0.6349178613007842,0.6738905211865114,0.7282234429372276
1550.1115722656252,0.3398655585171939,0.4519664964718297,0.4957272619897423,0.557265974408782,0.5759758298300813,0.6604601751153063,0.7110308464379681
1550.1154785156252,0.3040964074687348,0.37527193085500876,0.407279143768556,0.4725496394455956,0.4745103090383351,0.5758512649265739,0.6173741367608052
1550.119384765625,0.32596402179515727,0.3355921256596527,0.3704852591955268,0.42295824714509994,0.44851935317434255,0.5128383693801271,0.5610534918678058
1550.123291015625,0.3302193594366973,0.3504308284710883,0.3952675824326462,0.43847559927908,0.4885544355714745,0.5207049526340112,0.5833789613074649
1550.1271972656252,0.2821688752489982,0.361046512875442,0.4050989162683807,0.4542732579442429,0.49314039218420297,0.5461655249198923,0.6035945843369022
1550.131103515625,0.2289607927744441,0.3270599185861344,0.3606058990270446,0.4187719623898005,0.42920655809525265,0.5240284251224612,0.5563894879614706
1550.135009765625,0.21160601707853596,0.27167621097764566,0.2980643268142137,0.35428832270933275,0.3575501256501051,0.45796273989436453,0.4772975791813685
1550.1389160156252,0.21962323242458667,0.2382904262325393,0.2673801556365228,0.31370694830870854,0.33456924505408747,0.4011186561558742,0.43731678067262564
1550.1428222656252,0.2207663848533676,0.23752205989294156,0.2720207366590797,0.3120927258922453,0.35038568306255247,0.38643978409850477,0.44656693131500746
1550.146728515625,0.19711373912146743,0.24661120262431127,0.282467532685197,0.32372640603092306,0.3613716871582429,0.399903094079188,0.46039962637067483
1550.150634765625,0.16262749853005953,0.2384516759412833,0.2686149687879822,0.31494675504679503,0.33345555049539155,0.4041657826031499,0.4360120780879427
1550.1545410156252,0.14009353410321881,0.20736156916062498,0.22938220569836823,0.27727136969179045,0.27965392745164724,0.37535946637395595,0.377960788522568
1550.1585693359377,0.13181787015267105,0.1721738462734542,0.1923263602879338,0.23458822912871494,0.23988759362030287,0.32376496239877645,0.3263021007566492
1550.1624755859375,0.13100962068376806,0.15227256667205835,0.17425091233275933,0.21008310470226788,0.22513794938013784,0.28274430092003483,0.3047396503561164
1550.1663818359375,0.130759516342839,0.1454457876439801,0.16818939707890793,0.2009217927602812,0.2225205578989407,0.2634867636144728,0.30237896093607936
1550.1702880859377,0.12212972513706255,0.14511384080409565,0.16909863341814943,0.20073821357518143,0.22620527722030703,0.25936753727056316,0.30740980484204167
1550.1741943359377,0.10535373927063063,0.14551085826451746,0.16885597821535206,0.2012288232877479,0.22185305864082788,0.26273394099199116,0.3010835109867258
1550.1781005859375,0.08978585901296296,0.1381124800862832,0.1571018539101613,0.1910047038003993,0.19883023764716176,0.262312308300526,0.2710157130118804
1550.1820068359375,0.07957570033361595,0.1211070366311378,0.1360443943620244,0.1690234158172233,0.16880332821103294,0.2449350721729509,0.23171572685709757
1550.1859130859377,0.07306902763553608,0.10299273745492095,0.1165967553070417,0.14582757707578672,0.1465006309032811,0.21386129966120787,0.20240397938972804
1550.1898193359375,0.06914509050250905,0.0903911785524707,0.10341568892048725,0.1288012048296025,0.13246625660937592,0.18506004861246228,0.18413227116262737
1550.1937255859375,0.06654920330349198,0.08234990552217404,0.09481455846746022,0.11754366513586455,0.1229961457236658,0.16572423538798833,0.17191666913520415
1550.1976318359377,0.06436904971647787,0.07681774657412836,0.08913067716674285,0.10999541109134182,0.11676910712713019,0.15289470060451718,0.16423958900703509
1550.2015380859375,0.06243463699794776,0.07319023261214512,0.08523859778897883,0.10489004527230726,0.11225040098633728,0.14424579612916408,0.1588049042170111
1550.2054443359375,0.059886759269815834,0.07048856118404381,0.08216958435995864,0.10111274722209472,0.10832381200092234,0.13853250644762297,0.1541755233170333
1550.2093505859377,0.05599721359720948,0.06815965746358665,0.07957193451413742,0.09792696467825894,0.10457574260667488,0.13412790619758308,0.14942075269396052
1550.2132568359377,0.051525612884887086,0.06606307853174781,0.07700204150185722,0.09488104482646455,0.09983866866990429,0.13027246561561384,0.14176038931363202
1550.2171630859375,0.047641047172313246,0.06343877884635248,0.0731117724040944,0.09081032869614276,0.09257271440497557,0.1265822727812889,0.12957064631416762
1550.22119140625,0.04439181870766578,0.05917233971383699,0.06727501867070398,0.08436418346110659,0.08325741224886879,0.12128229501342837,0.11548531778814672
1550.22509765625,0.04170353059693225,0.053955170350781324,0.06142130897615988,0.07693531062221366,0.07498997400339157,0.11295624712993896,0.10390695297012809
1550.2290039062502,0.03944265544741141,0.049301601097825686,0.05648049740294,0.07027769960902669,0.06854946722145161,0.10279479413453116,0.09443856944747259
1550.23291015625,0.037580362591255745,0.045851284485617594,0.05228049713760323,0.06495722459553735,0.06329112019452439,0.09320860936078992,0.08633213937386908
1550.23681640625,0.03614772848421996,0.04303257611766452,0.04872719231719989,0.06055628145432024,0.05865740532575578,0.08531170807900063,0.07951581339205033
1550.2407226562502,0.035030662683378365,0.04054361588989423,0.04583188794830006,0.05679581658418732,0.054685153674569706,0.07866697594891237,0.07371201684672463
1550.2446289062502,0.03389173349250319,0.038497675237888766,0.04338727968127229,0.0535877321622869,0.05143951779457011,0.07286600978861377,0.06871140213454308
1550.24853515625,0.032881629754144166,0.036885836883927464,0.04137532177880418,0.05091217095440262,0.048680425797708135,0.06794461998082187,0.0644655327709908
1550.25244140625,0.03228179839564233,0.0355803868738877,0.039841973971603946,0.048670225270872905,0.04623721393640768,0.06380176313533362,0.06073896260653406
1550.2563476562502,0.0317272537439453,0.0344206422321075,0.038494420206908464,0.0467049789357439,0.044157304315164486,0.06013375030598101,0.057496741933467835
1550.26025390625,0.03110915626236066,0.033356305480520224,0.03712801477838516,0.044998906296446144,0.04241227493816445,0.05681721637393369,0.054888155068935116
1550.26416015625,0.030780257391224034,0.03251186050832528,0.035955596381929855,0.04353948408063507,0.040874228426249694,0.053960816939749495,0.052621355768527805
1550.2680664062502,0.03055853228402549,0.0319113017706204,0.03508447534768096,0.04226034133304868,0.03949733146769753,0.05156562356058951,0.050446952424010774
1550.2719726562502,0.030176088136592158,0.03140067871884862,0.034340632603904644,0.041168805861697175,0.038334814182050564,0.04937596067897786,0.04853896100012831
1550.27587890625,0.02978539492966634,0.030907226694579928,0.03365529821820809,0.04022281623329063,0.0373990857649697,0.04730383279998882,0.04707242623445493
1550.27978515625,0.029473792426776706,0.030482309939272152,0.033088543718985744,0.03932114368554814,0.03658290148869337,0.04551257353478535,0.04589279177270566
1550.2838134765625,0.029143679995782906,0.030105125390706526,0.032642303314691534,0.03847623696628511,0.03576938792446073,0.04394107258349331,0.04447772663630664
1550.2877197265627,0.02884533085475108,0.0298659636603725,0.03228634969926862,0.03778396504158483,0.03492969299089805,0.04253644624723202,0.04272874413180375
1550.2916259765625,0.02861968856695913,0.029759048526604152,0.03189564025096408,0.037167125442695785,0.03397951429165253,0.04125494010287735,0.04095982216060327
1550.2955322265625,0.028438173016928674,0.029551397563629733,0.031394152314239344,0.03653979057996393,0.03298436819899314,0.040176486154040195,0.03942151957049362
1550.2994384765627,0.028359524144177,0.02919604542200862,0.030899018283434544,0.035883443567926915,0.03213558880178222,0.03927309162386085,0.038215856480953304
1550.3033447265627,0.02830474147180508,0.028863490293065196,0.03058421171128693,0.03525452388139095,0.031461785405385356,0.03829637403498155,0.03734013118093128
1550.3072509765625,0.028264019699743636,0.028553625143620063,0.030380367947696447,0.03469465271974197,0.030798318684242997,0.03710902874428035,0.03658536918373219
1550.3111572265625,0.02841645828086971,0.02822816853585427,0.030116387703264375,0.03422584127007396,0.030175779517230297,0.035919625085333,0.035963009889034316
1550.3150634765627,0.028476823992161428,0.027995625906109534,0.029887994967676215,0.033875110224034125,0.029768621192108134,0.03498221370145821,0.03561729115153844
1550.3189697265625,0.028295550802918817,0.027922190637658873,0.029836283154940066,0.03362086163076917,0.029521546747639543,0.034313873709731615,0.03531368040705351
1550.3228759765625,0.028178739937590985,0.027890786605209977,0.029868545939861622,0.03347617821316708,0.029329209071119133,0.03378934229087795,0.03480240260576113
1550.3267822265627,0.02820425647675296,0.027813238024578645,0.02984432188160931,0.03336273606354362,0.02907974474638761,0.03336738502115169,0.03420425152797243
1550.3306884765627,0.028249862387907634,0.027771025231096123,0.029770841164359747,0.03324467202243595,0.028724221320678627,0.03309769672377558,0.0336626029942382
1550.3345947265625,0.02827072240287218,0.027757337448805697,0.02972140926345453,0.03300572427370767,0.028308047738855358,0.032952236687212394,0.033290458348370654
1550.3385009765625,0.028205174272819267,0.027655660424009666,0.029664513904229823,0.03275274932132244,0.027969502109234323,0.03280899697387141,0.03311926694622026
1550.3424072265627,0.02815870459504471,0.027483958188761093,0.029588671252290498,0.0326176480798046,0.027839951092511903,0.03258303522940777,0.0329426850588534
1550.3464355468752,0.02814253694737759,0.02737694491888636,0.029520236764826256,0.03265335146577717,0.027789010572546114,0.03229525352531063,0.03271372213050156
1550.350341796875,0.028062919104353365,0.027318089957769198,0.029506648414927193,0.032683632884606226,0.027674683062278944,0.03207882919576943,0.03236624548706371
1550.354248046875,0.028126556110052485,0.02723436419063348,0.02955383149990227,0.032562617133075435,0.027558412185631036,0.03194811726030939,0.03206173314161341
1550.3581542968752,0.028110440570038617,0.027169175463271415,0.029566650222023847,0.03247636662934177,0.0274656270180595,0.03173251547012494,0.03185091414152257
1550.362060546875,0.02802220005096673,0.02713336914492738,0.029520896466640252,0.03246637503086353,0.02734782665224934,0.03151341589459586,0.03173044889895418
1550.365966796875,0.027945428113071057,0.02711238622507684,0.029438523134390094,0.0324471094445547,0.02726917791350742,0.0314105087833831,0.03164748111354023
1550.3698730468752,0.02790752155568664,0.027102911695392293,0.02943804443595009,0.03244381543417324,0.027278871265426136,0.031337330202782177,0.03157247346694455
1550.3737792968752,0.02785408263807906,0.027079521816632496,0.02940187969549334,0.032518211908748804,0.027325485991238144,0.031196883592584077,0.03144671322139123
1550.377685546875,0.02777743059107808,0.02711725650467236,0.029341328579074333,0.0325704465000313,0.027389972981749975,0.03108390830491535,0.031415030521664875
1550.381591796875,0.027723797609354308,0.027151342467117166,0.02924605886083894,0.03262622485685743,0.027375910237151357,0.03103887485674099,0.031413725479288765
1550.3854980468752,0.02771505007232512,0.027055979200718443,0.02917685104353145,0.03264787146973435,0.027377103421565213,0.031004531487847424,0.031402952927268316
1550.389404296875,0.027666473902070627,0.026996539333241008,0.02914358597573878,0.03270921080895737,0.027404127657258318,0.030894821132881806,0.03136788193450028
1550.393310546875,0.027536453561701174,0.027058504651071475,0.029102646070997062,0.032811617226774094,0.027424426956493622,0.03082100484188956,0.031342379699824494
1550.3972167968752,0.027450596581699013,0.02709783202446552,0.029000199622420512,0.032842179087143514,0.02752333129478316,0.030773972526917118,0.031344986321487196
1550.4011230468752,0.027406916618996344,0.02700789865572667,0.02891608451739495,0.0328427409749072,0.027610196363108925,0.0307063426195855,0.03136430597989604
1550.405029296875,0.027289171929094403,0.026907954212025142,0.028870524561096702,0.03291004520275806,0.02760007363952885,0.030612471845477007,0.031365071009002966
1550.4090576171875,0.027247251447702653,0.02685080683530125,0.028768046998617704,0.032933980321734176,0.027525423774296537,0.03052396021024082,0.031342517498326644
1550.4129638671875,0.027173932990788484,0.026834353259608954,0.028760936529702824,0.03284572293028594,0.02746794739681591,0.030449307533182715,0.03136602461010779
1550.4168701171877,0.02697213218453868,0.02681425671499912,0.028644268286954228,0.032749165439472254,0.027565368728930853,0.030348598090810405,0.03139381391708405
1550.4207763671875,0.026887730115946973,0.026863280851501012,0.028645391277722358,0.032583600936072966,0.027542442831248747,0.03025326974795725,0.031286639888475014
1550.4246826171875,0.026873426967471175,0.026757885835751144,0.02855910960183658,0.032499926467790784,0.02745930378705478,0.03022330049566675,0.031241387726925317
1550.4285888671877,0.026786347162933242,0.02670719337710757,0.02848646987332055,0.032420052220839234,0.027380562076312523,0.03022398772996795,0.03124909975002422
1550.4324951171877,0.026659457365332213,0.026711106011568727,0.028459226215616557,0.03224347748813137,0.02734447266640521,0.030161760626063332,0.031165335346385027
1550.4364013671875,0.026563844005543874,0.026640494933479007,0.02841037735311377,0.03204771658564931,0.02738461407970886,0.03010366623557256,0.03099953273570526
1550.4403076171875,0.026515182437105968,0.026712742618701324,0.02842166486073482,0.031885653217036666,0.02725594061149634,0.03003799603716115,0.030966355544496504
1550.4442138671877,0.026463840804304056,0.026727423474219313,0.02843465995224623,0.03174104518144946,0.027308915695870694,0.029964465716267534,0.030905965316246023
1550.4481201171875,0.02647703850180759,0.02661758918956291,0.02833983623041593,0.03161041554880276,0.027308396050844234,0.02994723538603328,0.030776928685733833
1550.4520263671875,0.026470300911994815,0.026542646688366978,0.02828465898897584,0.03145775066178786,0.02714310191056225,0.03003792409876076,0.030613796562905308
1550.4559326171877,0.02644269519042086,0.026575612840495,0.02824222485252698,0.03132483844702634,0.027099732200750615,0.030060505195207227,0.030485945401065667
1550.4598388671877,0.02644453583721239,0.026569990771910627,0.028245905654954124,0.031150958944283276,0.02705764829678289,0.02999952434975676,0.03039049491533615
1550.4637451171875,0.026486374467122372,0.026635143973176956,0.028259752418037028,0.03103506943008187,0.027096885283480216,0.029996584391719826,0.030287652924969512
1550.4676513671875,0.026542031759705716,0.026605408565142416,0.028166756287525137,0.03099393324612234,0.027138440484147826,0.03000609310458646,0.030205595593389544
1550.4716796875,0.026593912686341453,0.026537527664274592,0.02816046940752244,0.030878370918999067,0.027200528444790588,0.030008285459890892,0.030122000882110866
1550.4755859375002,0.026689533219982218,0.026530865653982688,0.02805310961969058,0.03086445591629594,0.027252877667773245,0.030056587100161656,0.030076392122575527
1550.4794921875,0.02681185752844017,0.026562699261061515,0.02789016078051669,0.03085750980587065,0.027313778352965657,0.03011650752436913,0.030039069959925332
1550.4833984375,0.026850200171517787,0.026545382518445647,0.027857219417638558,0.03087282509512877,0.027360294903510253,0.030172143455597045,0.02999902538475527
1550.4873046875002,0.026901259768825316,0.02657525751159175,0.027802076383728145,0.030902005664561707,0.027413868043182434,0.030211853082058687,0.02996113568685082
1550.4912109375002,0.026916303661608253,0.026610721165547416,0.027758646176536783,0.031017638823543893,0.02750322229672571,0.03028723415357401,0.029958220868834172
1550.4951171875,0.02696074650264288,0.026678097851080006,0.02761516892673083,0.03108301014924911,0.02761190169942743,0.030395859276784967,0.02999272565625035
1550.4990234375,0.02695483896323901,0.02666716857352901,0.02750358956198486,0.031122914078243757,0.027734189224706825,0.030480650104504604,0.0300312531566494
1550.5029296875002,0.026970398222511228,0.02670493870941123,0.02740965010293715,0.03115033429851191,0.027815510788476466,0.03056713816339832,0.030075398654754892
1550.5068359375,0.02697849538808796,0.026750903922943912,0.027348318051969085,0.03123578799683201,0.02790324438200357,0.030676019303795522,0.030153487556664388
1550.5107421875,0.02702257490306025,0.026816645024743672,0.027297446515709048,0.03130749452481078,0.02805427563512275,0.030750799239108204,0.030168162864881217
1550.5146484375002,0.026985965147650046,0.02688301652593833,0.027258574872531423,0.031338474694678015,0.028150122493620998,0.030815644334635472,0.0300739989067043
1550.5185546875,0.02697153924474557,0.027004271511756137,0.0272160061566473,0.031403493899568584,0.028232571613755614,0.030906133306058476,0.030127396173156715
1550.5224609375,0.02700500314444913,0.027113156503310844,0.027163053370599606,0.0314515918521128,0.028366571536920814,0.030940678262017147,0.030047148199215147
1550.5263671875002,0.027002986907419306,0.02716677533108198,0.02714411464183659,0.03146672069599586,0.028438203017495882,0.03095526960648208,0.02991363722249563
1550.5302734375002,0.026967384929744178,0.027198611737371852,0.02713456173569359,0.03151115530765308,0.028423992581103265,0.03099161083759242,0.02983433523956905
1550.5343017578127,0.02694370116021637,0.02729615793098597,0.027110896858455063,0.03156954278159371,0.028462431957336942,0.03102083656223713,0.029746539382761495
1550.5382080078125,0.026931575101127224,0.027330021237256544,0.02712997436407989,0.03158038543800234,0.02855255125036069,0.03104324092620766,0.02969924490667277
1550.5421142578125,0.026928156623544492,0.02735843399659716,0.027169292508416924,0.03154117877306364,0.02864522640838229,0.031066560639415187,0.029619985545568727
1550.5460205078127,0.026927159854562552,0.027420478490221636,0.027217687696778115,0.03143435242722773,0.028673786840575737,0.031105504673812914,0.029437994305915642
1550.5499267578125,0.02693660846133061,0.02747599326552127,0.027269428472737667,0.031352523244187136,0.028727812974568234,0.031030906538642374,0.029271995096617057
1550.5538330078125,0.026979000449248204,0.0274997604409886,0.02734120932217927,0.03128460881011773,0.02882111592916816,0.03096650413936167,0.02908366058204358
1550.5577392578127,0.02705110384514686,0.02748687224540931,0.027380805792310715,0.031215265734360256,0.028856035331950115,0.03088887164134329,0.028865525549652507
1550.5616455078127,0.027150043368341963,0.027509000116286788,0.027460299431167724,0.031125957980407043,0.028878038429938017,0.030806601510095795,0.028684162670615052
1550.5655517578125,0.027191426838717656,0.02755042885044554,0.027531929616344365,0.03102315672716723,0.02896152794206995,0.030711740356682227,0.028516461764157224
1550.5694580078125,0.027257107947260346,0.027541376895351743,0.027547024031173425,0.030901991164308137,0.02900909413179385,0.03061614992507634,0.028395626332748884
1550.5733642578127,0.02734498288751279,0.027512993677092246,0.02754862529999445,0.03078784739153859,0.02902671465757928,0.030509677737174966,0.028245618556808443
1550.5772705078125,0.02743125715640747,0.027541152247931827,0.02755962105559537,0.030676139966576674,0.029050294461162137,0.030402431077207272,0.028087378245827608
1550.5811767578125,0.02752025304123432,0.027596025510829365,0.027585265336597314,0.030535826262781254,0.02907665614737125,0.030242932715299445,0.027941715667782308
1550.5850830078127,0.027576727081325667,0.027568947415439648,0.027635080091843876,0.03041377225547679,0.029072451460215105,0.03005162472423244,0.02783123371473531
1550.5889892578127,0.027637880467989387,0.027563406584555254,0.027658471914976494,0.03031651857730628,0.02905477022694824,0.029898993818014735,0.027711016774027826
1550.5928955078125,0.027707761998175998,0.02759266697488766,0.027691482995219438,0.030211938113561085,0.029057323067502572,0.029777497177672963,0.027587342660598712
1550.596923828125,0.027766391520396744,0.027646519401604595,0.027682999380714224,0.030077580624885983,0.02902875375343172,0.029632826066914513,0.027485200774461628
1550.600830078125,0.02777081235299556,0.02771233714295699,0.027648151429392337,0.029950384645183768,0.029016220706864833,0.029475193808261232,0.027428045287963897
1550.6047363281252,0.027786930107535406,0.027764239161796225,0.02761594072138926,0.029838488079759494,0.02900406754727257,0.02934690911806459,0.027362433015402986
1550.608642578125,0.027770665735866132,0.02775350159233552,0.02759413063121849,0.029734460146960514,0.02896804340614947,0.029267604981019827,0.02727130670728305
1550.612548828125,0.027696958439674707,0.02777337922262807,0.027581157343658163,0.029651811660622734,0.02895424905387675,0.029193902000448232,0.027197884528752495
1550.6164550781252,0.0276058820974559,0.02783096351768775,0.027559817318632735,0.02956719085446169,0.028945744141013682,0.02906076635547433,0.027154486372374376
1550.6203613281252,0.027531882195632712,0.027891715346279787,0.02753618682189887,0.029493136328724426,0.0289118853802489,0.028930555706339983,0.027080530987305885
1550.624267578125,0.027412398429244932,0.02792598062522606,0.02751582923061734,0.02944846642556644,0.02882577778402162,0.02885166558850222,0.02699054829620195
1550.628173828125,0.027269546645209333,0.028021037685329514,0.027482335102732906,0.02941045479472458,0.028761800323351152,0.02881924749143884,0.026915911858686612
1550.6320800781252,0.02713028517031237,0.02808144294630865,0.027455699818197402,0.029394348761366606,0.028750583079934222,0.028820279027074104,0.026865179361655528
1550.635986328125,0.027006222708745014,0.02818578055991113,0.027411445152763503,0.02940338941953163,0.028733070526205957,0.028791641337707997,0.02683688957081097
1550.639892578125,0.026887260181245216,0.028207942489358605,0.027401452191784054,0.029414343592680893,0.028694944618203135,0.0288030249219429,0.026774380173574974
1550.6437988281252,0.026773025787893874,0.028259031007592594,0.027384975081480863,0.0294407196051652,0.028681209588968474,0.028830550046061654,0.026697664749646285
1550.6477050781252,0.026651514536650933,0.028274733773921368,0.027342773948929734,0.02947439876677307,0.028686307616668735,0.028802885572919587,0.02665724585728157
1550.651611328125,0.0265295431267909,0.028396984488302864,0.027302252835728423,0.029493230818534562,0.028691447025813333,0.028837583523681907,0.026629605070051278
1550.655517578125,0.026464019186791407,0.028425819252109918,0.027263266460499383,0.02953421405722424,0.028713471729649647,0.02893248249067108,0.02660319036575792
1550.6595458984375,0.026421440222954052,0.028461819891423306,0.02728843563700321,0.02960727872680244,0.02875571286464781,0.02898023841592075,0.02660092941583282
1550.6634521484377,0.02636665945153138,0.028513943621490973,0.027283333461804542,0.029667516380002628,0.028823910912470302,0.02901523938241296,0.026619439638057307
1550.6673583984375,0.02634189421700429,0.02856621466393259,0.027247694372326693,0.029716479689128453,0.028874364048608207,0.02906229580709526,0.026635216139146375
1550.6712646484375,0.02636183161616201,0.028639309588131944,0.027209624875831392,0.02977488610039269,0.028938389309456705,0.02909900272088866,0.026644613410993345
1550.6751708984377,0.02638955279484941,0.02871315166649848,0.027194230803110647,0.029837379821776693,0.029020199506439432,0.029152336134700446,0.026675604965797642
1550.6790771484375,0.02647031191619331,0.02875394846005258,0.027207085644950522,0.029899836553856887,0.029079130450207,0.029209975010859538,0.026720236757031324
1550.6829833984375,0.026555595418320498,0.028780701062923034,0.02721973942963315,0.029955155969797906,0.02915435908876257,0.029234600792592325,0.02678459070371537
1550.6868896484377,0.026643786751407925,0.028830136500705855,0.027229494394665175,0.029990431967188955,0.02923804368207373,0.029248426952966044,0.026843407416036896
1550.6907958984377,0.02677185176800628,0.02884923216058894,0.027240216530494174,0.030029045220158375,0.029321407261256194,0.029258091248870383,0.02691190056543231
1550.6947021484375,0.02687437457791468,0.028893408180549668,0.02725766427700862,0.03006713491853258,0.029376049154040386,0.029258421583884375,0.026979200197305847
1550.6986083984375,0.026992622960910578,0.028907387961816015,0.027290674247759973,0.030080607182831485,0.029438127504943574,0.029246013498301696,0.02706762648733978
1550.7025146484377,0.027132006196610155,0.02890456594069851,0.02733619954381145,0.030079229384353548,0.029492582922937473,0.02921741717903449,0.027153646558854695
1550.7064208984375,0.027266762209893474,0.02888253028016172,0.02737575153051835,0.030078152316304146,0.029541883440086687,0.029181995208634025,0.02725963398054475
1550.7103271484375,0.027399493541611687,0.028859593705060745,0.027407354875657645,0.030069714855556682,0.02958736282190419,0.029143778520281136,0.027334807340177313
1550.7142333984377,0.027524772291380135,0.02884454935170594,0.027462973797095832,0.030031164035302146,0.029620062231573447,0.02910222842278907,0.02741137839334513
1550.7181396484377,0.02763103606698544,0.028807840225445094,0.02753853781241804,0.029962999925069247,0.029618885323229115,0.029054268511691964,0.027498097829072258
1550.7221679687502,0.027746300761331687,0.028763311441386094,0.02762557994752686,0.029884312977964417,0.029615635780991578,0.029008532578835795,0.02759185673284247
1550.72607421875,0.027839466123358365,0.028741449106593996,0.02770637740697251,0.029808069706519336,0.029622767732207,0.02894484037476048,0.027692217594182198
1550.72998046875,0.027907540054380977,0.028723100022214405,0.02778110730439991,0.02971503997758121,0.029604061848033086,0.02888924562876675,0.02780690272720323
1550.7338867187502,0.027979884743466542,0.028684898389345098,0.02787226582326393,0.029623247462799696,0.029575078657158707,0.028833718168035104,0.027918264666146737
1550.73779296875,0.028036633640301307,0.028667889663581813,0.027961169064039712,0.029527373264869705,0.02953770761748747,0.028771130882831696,0.02799644181246803
1550.74169921875,0.028074753171469048,0.028676812276374405,0.028044091645159832,0.029429598690913775,0.029490406419850266,0.028730422162418095,0.02808509898350269
1550.7456054687502,0.02810920158748412,0.028673541831367257,0.028135008899023407,0.029331678430857353,0.029404988747540467,0.028706634393330207,0.028187164777822744
1550.7495117187502,0.028126982480031003,0.028661449589174944,0.02821075039100649,0.029241509985691104,0.02933772897252556,0.02871166927015172,0.028287435505743842
1550.75341796875,0.028144448388363615,0.028672159337944012,0.028272473628616148,0.0291418961013571,0.029260959917105426,0.028724538685991043,0.028389192764615864
1550.75732421875,0.028149121716278397,0.02868407872709535,0.028338165524116544,0.02903995035663288,0.029178751777928485,0.02877255284834516,0.028497978897452078
1550.7612304687502,0.028133851154792475,0.02869953527227685,0.028378752723629788,0.028961235773012687,0.029076603572461435,0.028821608824291578,0.028611590351656026
1550.76513671875,0.028117675548338668,0.028718577152018313,0.02840509341086286,0.02890109242623749,0.02896112287002011,0.028872350277127683,0.02870478374529523
1550.76904296875,0.02809411200876826,0.028748006858715383,0.028433960437953463,0.028850612356807095,0.028853710603760154,0.028963168108315042,0.028804003391446314
1550.7729492187502,0.028062678119138068,0.028783510185925405,0.028461696917386387,0.02879442282662479,0.02875249051226016,0.029070642305421866,0.028897763531034883
1550.7768554687502,0.028027010429454186,0.0288150548269569,0.028464993680535795,0.028769231103123714,0.02865561007159367,0.029192450353675167,0.02898138335365496
1550.78076171875,0.027980603683480345,0.028850342084491602,0.02844964632560488,0.028736583991166912,0.028570647799481656,0.02934583170353743,0.029071488961332433
1550.7847900390625,0.027937542817944395,0.028888174672766425,0.02842290180591373,0.028711356313116075,0.02848988963768237,0.02951384982335226,0.0291541879852868
1550.7886962890625,0.027888960135488694,0.02891800332542524,0.028400354192635195,0.02871728392435348,0.028413826909067314,0.02969058216077403,0.029224331006549933
1550.7926025390627,0.02783866792685774,0.02894347367414318,0.028380281074153316,0.02873167519207696,0.028365025418915137,0.02986868887293298,0.029271275324749543
1550.7965087890625,0.027794508986326415,0.02897328266706318,0.028360589243586885,0.02874186661620104,0.02832610217089402,0.030051894633050528,0.02931058792907591
1550.8004150390625,0.02775416560519726,0.028986289192939045,0.02834874790347972,0.028772880082394887,0.028294277293663763,0.030249002511968506,0.02933507600412172
1550.8043212890627,0.027718535230324616,0.02898753524293772,0.028346851148042283,0.02882404159055866,0.028272367330694714,0.030434628802559777,0.029336166812114997
1550.8082275390627,0.027692199955993944,0.028987778364419042,0.028365326121585675,0.02887659566569857,0.02827725031855729,0.03059027782211257,0.029326362476450544
1550.8121337890625,0.027672195676385722,0.02898580220818193,0.028390455273322096,0.028925466712573365,0.02828148312201382,0.03073478222880148,0.029301956647163944
1550.8160400390625,0.02766960944971985,0.028976628989982905,0.028419651277021795,0.028988196747659893,0.028312256473957954,0.03088072059216055,0.02926114499750838
1550.8199462890627,0.027672005318651428,0.028964764441891683,0.02847563183138772,0.02907072886957156,0.028348072477819546,0.031022985200155173,0.02920012967740181
1550.8238525390625,0.027687475145037572,0.02896122313946889,0.02853869219419383,0.029137741520144256,0.028383882659611153,0.031143139135838025,0.02912584070934636
1550.8277587890625,0.02772293751701448,0.02894369539748638,0.028608728406175822,0.029215617461319655,0.02842381464520795,0.031233353705847074,0.02905330894925218
1550.8316650390627,0.027766437488944303,0.028936509905663613,0.028692715916359895,0.029295042131041605,0.028466363314335722,0.03131315601854287,0.028976618333071493
1550.8355712890625,0.027816437137161074,0.02892052867647196,0.02877774933329481,0.029377357423077503,0.028508746581979803,0.031383371726265104,0.028895985324121704
1550.8394775390625,0.027883975218601673,0.02891244564955534,0.028867319624563684,0.02946204597293317,0.028553425381155,0.031427836706908525,0.028815557613958234
1550.8433837890627,0.027959391516868094,0.028914576605268236,0.028952210947386956,0.029547706017917688,0.028601210504736352,0.03144720870843571,0.02874103619082054
1550.8474121093752,0.02804016575692178,0.028908974350058597,0.029035102383670037,0.029625662278932194,0.02865043318010052,0.0314544065808639,0.028673840099776058
1550.8513183593752,0.02812407950934397,0.028915653354245546,0.029105247082363974,0.02971573688188836,0.02869510505876486,0.03144319089000593,0.028612761336336195
1550.855224609375,0.028211775112470368,0.028928784906381507,0.02916772945788161,0.02980269601614002,0.028739961285835107,0.031408756722619044,0.02856213131488603
1550.859130859375,0.02829579556536277,0.028948916271450183,0.029221543077693864,0.029885912131458407,0.02879067275198302,0.03136957808221713,0.028516131103585928
1550.8630371093752,0.028374989920357998,0.028961988175883583,0.02925648139652722,0.029974268111367407,0.02884322225892769,0.03132403472160762,0.02847756937700866
1550.866943359375,0.02844766607666802,0.028988412820184932,0.029280292417472008,0.0300640802928939,0.028898390754432235,0.031267003228571455,0.028441021577927845
1550.870849609375,0.028512572628920832,0.02901531223121039,0.029299273353831576,0.03015528135262466,0.02895994142024834,0.031207305387650108,0.028407540555339814
1550.8747558593752,0.028568362081993013,0.029034001477752147,0.02930177123206164,0.03024560430984263,0.02902394937971067,0.031142047438779834,0.02838147322650907
1550.8786621093752,0.028615594475744646,0.029065852355025967,0.029302562151459544,0.030342036435631797,0.029096077367130203,0.031075757431113536,0.028359405406014053
1550.882568359375,0.028653295047270377,0.029087253987170016,0.02929659898814834,0.030439712467274137,0.029177520624115025,0.03101404435684403,0.028335795507614604
1550.886474609375,0.028683716413401502,0.02910646629569046,0.029288503276970985,0.030535787299693595,0.02926336243855309,0.030955838976495825,0.02831614054155067
1550.8903808593752,0.028706327054113218,0.029132940267579257,0.02927780677815173,0.03063191479734988,0.029353930192495048,0.03090668956338467,0.02830286199900603
1550.894287109375,0.028722296709564093,0.029154735722686866,0.029276429667808367,0.03072995794658906,0.029452254629938727,0.03087063690906101,0.028294908021521153
1550.898193359375,0.02873334205086897,0.02917620396103505,0.029274813955894805,0.030827163592806996,0.02955462754862485,0.030846037239297065,0.02829505032107429
1550.9020996093752,0.02874161919770177,0.029198360463175657,0.029289228079164585,0.030919805645862646,0.029658578671234812,0.030834632336620576,0.028305777381183613
1550.9060058593752,0.028746786197711812,0.029223097848815844,0.029311255460841575,0.031007650398738457,0.02976012335677208,0.030839898138369376,0.028328691538933543
1550.9100341796877,0.02875239461145255,0.029252684090694456,0.029348020315956916,0.0310908369043081,0.029868193273016833,0.030867097254709843,0.028367180899209126
1550.9139404296875,0.028758124329228335,0.029283782430072645,0.029394263557773328,0.031163365604353652,0.029972488993788987,0.030910849581434603,0.02841935465020945
1550.9178466796875,0.028765405394210658,0.029319772983391456,0.02945255759049287,0.03122707171389408,0.030073873272718578,0.030966260622044318,0.02848677607538752
1550.9217529296877,0.028775955735024908,0.029360772391431943,0.029523597461074625,0.03127839168112767,0.0301714361706798,0.03103521699548315,0.028569243890114247
1550.9256591796875,0.02878980945192161,0.029411460815213692,0.029608253733962524,0.031314242700786546,0.03026383883392383,0.031122760456269775,0.028666328849083364
1550.9295654296875,0.028808276351259772,0.02946750883829186,0.029705206292871687,0.031334988419832045,0.030347167328921947,0.03122029898104713,0.028776364124197307
1550.9334716796877,0.0288317434753782,0.02952901435850831,0.029812973975561846,0.03134034937292512,0.03042303526834411,0.03132440222760703,0.028896548095572582
1550.9373779296877,0.028860702246933784,0.029598621788830964,0.0299297967575781,0.03133038329154652,0.030491942103848493,0.03143860374983014,0.029024491869222315
1550.9412841796875,0.028895378335767007,0.02967095950055955,0.030051755919963452,0.0313055450978957,0.0305513369596539,0.031556935925805614,0.029156826730663582
1550.9451904296875,0.028936084857309925,0.029745616947763728,0.030178694740429574,0.031266526434541315,0.03060208315141778,0.03167721150471028,0.029290427471434795
1550.9490966796877,0.028982633606357767,0.02982114873058308,0.030307920612357476,0.031215222392482034,0.030645512874993276,0.03179293817795884,0.029422433901916716
1550.9530029296875,0.02903491228550087,0.02989707936133902,0.030436376422469477,0.03115402975956232,0.03068148670139751,0.03190370804490075,0.029549951053268932
1550.9569091796875,0.02909168482520902,0.02996946486381333,0.030560884406675363,0.03108440893675064,0.03071107236501557,0.03200908324383553,0.029670742425042643
1550.9608154296877,0.029152145061483895,0.030035564943360828,0.03067865204079581,0.03100837433191565,0.03073613927902422,0.03210451970499905,0.029782975806140963
1550.9647216796875,0.029216109626702107,0.030095036067136448,0.030787796537924468,0.03092958856601401,0.03075813677813919,0.03218742221608903,0.029883993378653315
1550.9686279296875,0.02928257937277224,0.03014652958746517,0.030884034496173475,0.030851205437893686,0.03077813532984557,0.032256583964344554,0.029974410782151184
1550.97265625,0.02935176994030998,0.030189053064305076,0.030967783730998247,0.030776983842283216,0.03079889859949626,0.032313130237290204,0.030055694918919976
1550.9765625,0.029419678697008723,0.030220049648278346,0.03103326843578422,0.03070662976968407,0.030818972242623296,0.03235309722011826,0.030125509494717404
1550.9804687500002,0.029486455528505262,0.030240065698570892,0.031080597591763365,0.030643455160749723,0.030840841810644868,0.03237729645145667,0.03018604546001463
1550.984375,0.029550848627668283,0.030249885301570557,0.031109647832094488,0.030589478945800205,0.030865284601913966,0.03238644359871005,0.030238694848967306
1550.98828125,0.02961193086970611,0.03025084326905379,0.031119957595313125,0.03054582797949509,0.030892875379879163,0.03238066576614445,0.030284803637588804
1550.9921875000002,0.029668804039341325,0.0302439510608612,0.0311119385875441,0.0305129929102419,0.03092321666897187,0.03236115427226931,0.030325945450040154
1550.99609375,0.02972083492657585,0.030230425123519915,0.03108689032412917,0.03049152531411172,0.030956139704336923,0.032329453870201044,0.030363572798761288
1551.0,0.029767734770106583,0.030212484949689363,0.031046610579653976,0.0304813952511763,0.030992264447424082,0.0322873979841756,0.030399005261330807
